23-2-2018;00:00:01;BEELD;OS;A13R;16,200;-80;-80;-80;
23-2-2018;00:00:01;BEELD;OS;A13R;16,655;-80;-80;-80;-80
23-2-2018;00:00:01;BEELD;OS;A13R;17,100;-80;-80;-80;
23-2-2018;00:00:01;BEELD;OS;A13R;17,800;-80;-80;-80;
23-2-2018;12:26:04;BEELD;OS;A13R;13,235;90;90;90;
23-2-2018;12:26:06;BEELD;OS;A13R;13,700;90;90;70;
23-2-2018;12:26:07;BEELD;OS;A13R;14,200;90;90;70;
23-2-2018;12:26:07;BEELD;OS;A13R;14,700;90;90;70;
23-2-2018;12:26:11;BEELD;OS;A13R;15,035;90;90;70;
23-2-2018;12:26:11;BEELD;OS;A13R;15,400;@;@;@;
23-2-2018;12:50:19;BEELD;OS;A13R;13,700;90;90;*PL*;
23-2-2018;12:50:20;BEELD;OS;A13R;14,200;70;70;X;
23-2-2018;12:50:21;BEELD;OS;A13R;14,700;70;70;X;
23-2-2018;12:50:21;BEELD;OS;A13R;15,035;70;70;X;
23-2-2018;12:51:45;BEELD;OS;A13R;13,235;*70*;*70*;*70*;
23-2-2018;12:51:45;BEELD;OS;A13R;13,700;*50*;*50*;*PL*;
23-2-2018;12:51:45;BEELD;OS;A13R;14,200;50;50;X;
23-2-2018;12:52:14;BEELD;OS;A13R;12,700;*70*;*70*;*70*;
23-2-2018;12:52:14;BEELD;OS;A13R;13,235;*50*;*50*;*50*;
23-2-2018;12:52:14;BEELD;OS;A13R;13,700;50;50;*PL*;
23-2-2018;12:53:14;BEELD;OS;A13R;12,300;*70*;*70*;*70*;*70*
23-2-2018;12:53:14;BEELD;OS;A13R;12,700;*50*;*50*;*50*;
23-2-2018;12:53:14;BEELD;OS;A13R;13,235;50;50;50;
23-2-2018;12:54:18;BEELD;OS;A13R;14,200;70;70;X;
23-2-2018;12:54:24;BEELD;OS;A13R;12,300;*50*;*50*;*50*;*50*
23-2-2018;12:54:24;BEELD;OS;A13R;12,700;50;50;50;
23-2-2018;12:54:25;BEELD;OS;A13R;12,000;*70*;*70*;*70*;*70*
23-2-2018;12:55:41;BEELD;OS;A13R;11,100;*70*;*70*;*70*;
23-2-2018;12:55:42;BEELD;OS;A13R;12,000;*50*;*50*;*50*;*50*
23-2-2018;12:55:42;BEELD;OS;A13R;12,300;50;50;50;50
23-2-2018;12:57:29;BEELD;OS;A13R;14,200;50;50;X;
23-2-2018;12:58:21;BEELD;OS;A13R;11,100;*50*;*50*;*50*;
23-2-2018;12:58:22;BEELD;OS;A13R;10,300;*70*;*70*;*70*;*70*
23-2-2018;12:58:22;BEELD;OS;A13R;12,000;50;50;50;50
23-2-2018;13:01:16;BEELD;OS;A13R;10,300;*50*;*50*;*50*;*50*
23-2-2018;13:01:16;BEELD;OS;A13R;11,100;50;50;50;
23-2-2018;13:01:16;BEELD;OS;A13R;9,900;*70*;*70*;*70*;*70*
23-2-2018;13:02:32;BEELD;OS;A13R;10,300;50;50;50;50
23-2-2018;13:02:32;BEELD;OS;A13R;9,100;*70*;*70*;*70*;
23-2-2018;13:02:32;BEELD;OS;A13R;9,900;*50*;*50*;*50*;*50*
23-2-2018;13:05:20;BEELD;OS;A13R;8,600;*70*;*70*;*70*;
23-2-2018;13:05:20;BEELD;OS;A13R;9,100;*50*;*50*;*50*;
23-2-2018;13:05:20;BEELD;OS;A13R;9,900;50;50;50;50
23-2-2018;13:06:44;BEELD;OS;A13R;8,100;*70*;*70*;*70*;
23-2-2018;13:06:44;BEELD;OS;A13R;8,600;*50*;*50*;*50*;
23-2-2018;13:06:44;BEELD;OS;A13R;9,100;50;50;50;
23-2-2018;13:08:52;BEELD;OS;A13R;6,725;*70*;*70*;*70*;*70*
23-2-2018;13:08:52;BEELD;OS;A13R;8,100;70;70;70;
23-2-2018;13:08:53;BEELD;OS;A13R;7,200;*50*;*50*;*50*;
23-2-2018;13:08:56;BEELD;OS;A13R;8,100;50;50;50;
23-2-2018;13:08:56;BEELD;OS;A13R;8,600;50;50;50;
23-2-2018;13:09:37;BEELD;OS;A13R;6,725;BL;BL;BL;BL
23-2-2018;13:09:37;BEELD;OS;A13R;8,100;*50*;*50*;*50*;
23-2-2018;13:09:38;BEELD;OS;A13R;7,200;*70*;*70*;*70*;
23-2-2018;13:09:40;BEELD;OS;A13R;6,400;*70*;*70*;*70*;*70*
23-2-2018;13:09:40;BEELD;OS;A13R;6,725;*50*;*50*;*50*;*50*
23-2-2018;13:09:40;BEELD;OS;A13R;7,200;50;50;50;
23-2-2018;13:09:40;BEELD;OS;A13R;8,100;50;50;50;
23-2-2018;13:10:21;BEELD;OS;A13R;9,100;70;70;70;
23-2-2018;13:10:21;BEELD;OS;A13R;9,900;*50*;*50*;*50*;*50*
23-2-2018;13:10:52;BEELD;OS;A13R;9,100;50;50;50;
23-2-2018;13:10:52;BEELD;OS;A13R;9,900;50;50;50;50
23-2-2018;13:10:56;BEELD;OS;A13R;5,910;*70*;*70*;*70*;
23-2-2018;13:10:56;BEELD;OS;A13R;6,400;*50*;*50*;*50*;*50*
23-2-2018;13:10:56;BEELD;OS;A13R;6,725;50;50;50;50
23-2-2018;13:11:25;BEELD;OS;A13R;9,100;*50*;*50*;*50*;
23-2-2018;13:11:26;BEELD;OS;A13R;8,600;70;70;70;
23-2-2018;13:11:37;BEELD;OS;A13R;6,400;*50*;*50*;*50*;50
23-2-2018;13:12:06;BEELD;OS;A13R;8,600;50;50;50;
23-2-2018;13:12:06;BEELD;OS;A13R;9,100;50;50;50;
23-2-2018;13:12:18;BEELD;OS;A13R;6,400;*50*;*50*;*50*;*50*
23-2-2018;13:12:57;BEELD;OS;A13R;8,100;70;70;70;
23-2-2018;13:12:58;BEELD;OS;A13R;8,600;*50*;*50*;*50*;
23-2-2018;13:13:14;BEELD;OS;A13R;5,481;*70*;*70*;*70*;
23-2-2018;13:13:14;BEELD;OS;A13R;5,910;*50*;*50*;*50*;
23-2-2018;13:13:14;BEELD;OS;A13R;6,400;50;50;50;50
23-2-2018;13:13:56;BEELD;OS;A13R;8,100;50;50;50;
23-2-2018;13:13:56;BEELD;OS;A13R;8,600;50;50;50;
23-2-2018;13:15:49;BEELD;OS;A13R;7,200;70;70;70;
23-2-2018;13:15:49;BEELD;OS;A13R;8,100;*50*;*50*;*50*;
23-2-2018;13:16:52;BEELD;OS;A13R;5,481;*50*;*50*;*50*;
23-2-2018;13:16:52;BEELD;OS;A13R;5,910;50;50;50;
23-2-2018;13:16:52;BEELD;OS;A13R;7,200;50;50;50;
23-2-2018;13:16:52;BEELD;OS;A13R;8,100;50;50;50;
23-2-2018;13:17:36;BEELD;OS;A13R;9,100;70;70;70;
23-2-2018;13:17:36;BEELD;OS;A13R;9,900;*50*;*50*;*50*;*50*
23-2-2018;13:19:01;BEELD;OS;A13R;8,600;BL;BL;BL;
23-2-2018;13:19:01;BEELD;OS;A13R;9,100;*70*;*70*;*70*;
23-2-2018;13:19:08;BEELD;OS;A13R;8,600;70;70;70;
23-2-2018;13:19:08;BEELD;OS;A13R;9,100;*50*;*50*;*50*;
23-2-2018;13:19:08;BEELD;OS;A13R;9,900;50;50;50;50
23-2-2018;13:19:21;BEELD;OS;A13R;5,481;50;50;50;
23-2-2018;13:20:41;BEELD;OS;A13R;8,600;50;50;50;
23-2-2018;13:20:41;BEELD;OS;A13R;9,100;50;50;50;
23-2-2018;13:20:48;BEELD;OS;A13R;8,100;70;70;70;
23-2-2018;13:20:49;BEELD;OS;A13R;8,600;*50*;*50*;*50*;
23-2-2018;13:21:57;BEELD;OS;A13R;5,481;*50*;*50*;*50*;
23-2-2018;13:22:37;BEELD;OS;A13R;5,481;50;50;50;
23-2-2018;13:22:54;BEELD;OS;A13R;8,100;50;50;50;
23-2-2018;13:22:55;BEELD;OS;A13R;8,600;50;50;50;
23-2-2018;13:22:58;BEELD;OS;A13R;14,200;70;70;X;
23-2-2018;13:23:58;BEELD;OS;A13R;7,200;70;70;70;
23-2-2018;13:23:58;BEELD;OS;A13R;8,100;*50*;*50*;*50*;
23-2-2018;13:26:44;BEELD;OS;A13R;8,100;50;50;50;
23-2-2018;13:26:46;BEELD;OS;A13R;7,200;50;50;50;
23-2-2018;13:28:48;BEELD;OS;A13R;14,200;50;50;X;
23-2-2018;13:28:48;BEELD;OS;A13R;17,800;*70*;*70*;*70*;
23-2-2018;13:29:32;BEELD;OS;A13R;5,910;BL;BL;BL;
23-2-2018;13:29:32;BEELD;OS;A13R;6,400;*70*;*70*;*70*;70
23-2-2018;13:29:32;BEELD;OS;A13R;6,725;*50*;*50*;*50*;*50*
23-2-2018;13:29:49;BEELD;OS;A13R;5,910;70;70;70;
23-2-2018;13:29:49;BEELD;OS;A13R;6,400;*50*;*50*;*50*;50
23-2-2018;13:29:49;BEELD;OS;A13R;6,725;50;50;50;50
23-2-2018;13:29:54;BEELD;OS;A13R;17,800;*50*;*50*;*50*;
23-2-2018;13:29:55;BEELD;OS;A13R;17,100;*70*;*70*;*70*;
23-2-2018;13:29:58;BEELD;OS;A13R;5,481;BL;BL;BL;
23-2-2018;13:29:59;BEELD;OS;A13R;5,910;*70*;*70*;*70*;
23-2-2018;13:30:29;BEELD;OS;A13R;6,400;50;50;50;50
23-2-2018;13:30:30;BEELD;OS;A13R;5,481;70;70;70;
23-2-2018;13:30:30;BEELD;OS;A13R;5,910;*50*;*50*;*50*;
23-2-2018;13:31:54;BEELD;OS;A13R;5,481;50;50;50;
23-2-2018;13:31:55;BEELD;OS;A13R;5,910;50;50;50;
23-2-2018;13:31:57;BEELD;OS;A13R;5,481;*50*;*50*;*50*;
23-2-2018;13:32:33;BEELD;OS;A13R;8,100;70;70;70;
23-2-2018;13:32:33;BEELD;OS;A13R;8,600;*50*;*50*;*50*;
23-2-2018;13:32:57;BEELD;OS;A13R;17,100;-80;-80;-80;
23-2-2018;13:32:57;BEELD;OS;A13R;17,800;*70*;*70*;*70*;
23-2-2018;13:33:01;BEELD;OS;A13R;8,100;50;50;50;
23-2-2018;13:33:01;BEELD;OS;A13R;8,600;50;50;50;
23-2-2018;13:33:04;BEELD;OS;A13R;5,481;50;50;50;
23-2-2018;13:34:04;BEELD;OS;A13R;8,100;*50*;*50*;*50*;
23-2-2018;13:34:05;BEELD;OS;A13R;7,200;70;70;70;
23-2-2018;13:34:54;BEELD;OS;A13R;11,100;*50*;*50*;*50*;
23-2-2018;13:34:55;BEELD;OS;A13R;10,300;70;70;70;70
23-2-2018;13:34:57;BEELD;OS;A13R;10,300;*70*;*70*;*70*;*70*
23-2-2018;13:34:57;BEELD;OS;A13R;9,900;BL;BL;BL;BL
23-2-2018;13:35:30;BEELD;OS;A13R;11,100;50;50;50;
23-2-2018;13:35:31;BEELD;OS;A13R;10,300;*50*;*50*;*50*;*50*
23-2-2018;13:35:31;BEELD;OS;A13R;9,900;70;70;70;70
23-2-2018;13:35:53;BEELD;OS;A13R;7,200;50;50;50;
23-2-2018;13:35:53;BEELD;OS;A13R;8,100;50;50;50;
23-2-2018;13:36:38;BEELD;OS;A13R;6,725;70;70;70;70
23-2-2018;13:36:38;BEELD;OS;A13R;7,200;*50*;*50*;*50*;
23-2-2018;13:36:53;BEELD;OS;A13R;10,300;50;50;50;50
23-2-2018;13:36:53;BEELD;OS;A13R;9,900;50;50;50;50
23-2-2018;13:37:11;BEELD;OS;A13R;17,800;-80;-80;-80;
23-2-2018;13:37:22;BEELD;OS;A13R;6,400;BL;BL;BL;BL
23-2-2018;13:37:22;BEELD;OS;A13R;6,725;*70*;*70*;*70*;*70*
23-2-2018;13:37:29;BEELD;OS;A13R;9,100;70;70;70;
23-2-2018;13:37:29;BEELD;OS;A13R;9,900;*50*;*50*;*50*;*50*
23-2-2018;13:37:32;BEELD;OS;A13R;6,400;70;70;70;70
23-2-2018;13:37:32;BEELD;OS;A13R;6,725;*50*;*50*;*50*;*50*
23-2-2018;13:37:32;BEELD;OS;A13R;7,200;50;50;50;
23-2-2018;13:38:53;BEELD;OS;A13R;5,910;BL;BL;BL;
23-2-2018;13:38:53;BEELD;OS;A13R;6,400;*50*;*50*;*50*;50
23-2-2018;13:38:53;BEELD;OS;A13R;6,400;*70*;*70*;*70*;70
23-2-2018;13:38:53;BEELD;OS;A13R;6,725;50;50;50;50
23-2-2018;13:38:54;BEELD;OS;A13R;5,910;70;70;70;
23-2-2018;13:39:00;BEELD;OS;A13R;9,100;*70*;*70*;*70*;
23-2-2018;13:39:01;BEELD;OS;A13R;8,600;BL;BL;BL;
23-2-2018;13:39:37;BEELD;OS;A13R;6,400;*50*;*50*;*50*;*50*
23-2-2018;13:39:56;BEELD;OS;A13R;8,600;70;70;70;
23-2-2018;13:39:56;BEELD;OS;A13R;9,100;*50*;*50*;*50*;
23-2-2018;13:39:57;BEELD;OS;A13R;9,900;50;50;50;50
23-2-2018;13:39:58;BEELD;OS;A13R;6,400;*50*;*50*;*50*;50
23-2-2018;13:40:01;BEELD;OS;A13R;5,910;50;50;50;
23-2-2018;13:40:01;BEELD;OS;A13R;6,400;50;50;50;50
23-2-2018;13:40:15;BEELD;OS;A13R;5,481;70;70;70;
23-2-2018;13:40:15;BEELD;OS;A13R;5,910;*50*;*50*;*50*;
23-2-2018;13:40:29;BEELD;OS;A13R;8,100;BL;BL;BL;
23-2-2018;13:40:31;BEELD;OS;A13R;8,600;*70*;*70*;*70*;
23-2-2018;13:41:19;BEELD;OS;A13R;5,481;50;50;50;
23-2-2018;13:41:19;BEELD;OS;A13R;5,910;50;50;50;
23-2-2018;13:41:57;BEELD;OS;A13R;8,100;70;70;70;
23-2-2018;13:41:57;BEELD;OS;A13R;8,600;*50*;*50*;*50*;
23-2-2018;13:41:57;BEELD;OS;A13R;9,100;50;50;50;
23-2-2018;13:42:04;BEELD;OS;A13R;5,481;*50*;*50*;*50*;
23-2-2018;13:42:36;BEELD;OS;A13R;7,200;BL;BL;BL;
23-2-2018;13:42:36;BEELD;OS;A13R;8,100;*70*;*70*;*70*;
23-2-2018;13:42:45;BEELD;OS;A13R;5,481;50;50;50;
23-2-2018;13:44:10;BEELD;OS;A13R;7,200;70;70;70;
23-2-2018;13:44:10;BEELD;OS;A13R;8,100;*50*;*50*;*50*;
23-2-2018;13:44:11;BEELD;OS;A13R;8,600;50;50;50;
23-2-2018;13:44:32;BEELD;OS;A13R;6,725;BL;BL;BL;BL
23-2-2018;13:44:33;BEELD;OS;A13R;7,200;*70*;*70*;*70*;
23-2-2018;13:45:19;BEELD;OS;A13R;15,035;90;90;70;
23-2-2018;13:45:20;BEELD;OS;A13R;14,700;90;90;70;
23-2-2018;13:45:21;BEELD;OS;A13R;14,200;50;50;50;
23-2-2018;13:45:22;BEELD;OS;A13R;13,700;50;50;50;
23-2-2018;13:45:37;BEELD;OS;A13R;6,400;BL;BL;BL;BL
23-2-2018;13:45:57;BEELD;OS;A13R;14,200;90;90;70;
23-2-2018;13:46:21;BEELD;OS;A13R;5,910;BL;BL;BL;
23-2-2018;13:47:08;BEELD;OS;A13R;5,910;70;70;70;
23-2-2018;13:47:08;BEELD;OS;A13R;6,400;*50*;*50*;*50*;50
23-2-2018;13:47:08;BEELD;OS;A13R;6,725;50;50;50;50
23-2-2018;13:47:08;BEELD;OS;A13R;7,200;70;70;70;
23-2-2018;13:48:12;BEELD;OS;A13R;7,200;50;50;50;
23-2-2018;13:48:12;BEELD;OS;A13R;8,100;50;50;50;
23-2-2018;13:48:16;BEELD;OS;A13R;5,481;BL;BL;BL;
23-2-2018;13:48:16;BEELD;OS;A13R;5,910;*70*;*70*;*70*;
23-2-2018;13:48:25;BEELD;OS;A13R;6,400;*50*;*50*;*50*;*50*
23-2-2018;13:49:22;BEELD;OS;A13R;6,400;*50*;*50*;*50*;50
23-2-2018;13:49:25;BEELD;OS;A13R;17,800;*70*;*70*;*70*;
23-2-2018;13:50:19;BEELD;OS;A13R;17,100;*70*;*70*;*70*;
23-2-2018;13:50:19;BEELD;OS;A13R;17,800;*50*;*50*;*50*;
23-2-2018;13:51:12;BEELD;OS;A13R;5,481;*70*;*70*;*70*;
23-2-2018;13:51:12;BEELD;OS;A13R;5,910;*50*;*50*;*50*;
23-2-2018;13:51:12;BEELD;OS;A13R;6,400;50;50;50;50
23-2-2018;13:51:37;BEELD;OS;A13R;13,235;90;90;90;
23-2-2018;13:51:37;BEELD;OS;A13R;13,700;90;90;70;
23-2-2018;13:52:08;BEELD;OS;A13R;16,655;*70*;*70*;*70*;*70*
23-2-2018;13:52:08;BEELD;OS;A13R;17,100;*50*;*50*;*50*;
23-2-2018;13:52:08;BEELD;OS;A13R;17,800;50;50;50;
23-2-2018;13:52:15;BEELD;OS;A13R;5,481;*50*;*50*;*50*;
23-2-2018;13:52:15;BEELD;OS;A13R;5,910;50;50;50;
23-2-2018;13:53:21;BEELD;OS;A13R;5,481;50;50;50;
23-2-2018;13:53:46;BEELD;OS;A13R;16,200;*70*;*70*;*70*;
23-2-2018;13:53:47;BEELD;OS;A13R;16,655;*50*;*50*;*50*;*50*
23-2-2018;13:53:47;BEELD;OS;A13R;17,100;50;50;50;
23-2-2018;13:53:49;BEELD;OS;A13R;17,800;-80;-80;-80;
23-2-2018;13:54:20;BEELD;OS;A13R;16,200;*50*;*50*;*50*;
23-2-2018;13:54:20;BEELD;OS;A13R;16,655;50;50;50;*50*
23-2-2018;13:54:21;BEELD;OS;A13R;15,810;*70*;*70*;*70*;
23-2-2018;13:54:29;BEELD;OS;A13R;17,800;70;70;70;
23-2-2018;13:55:04;BEELD;OS;A13R;17,800;50;50;50;
23-2-2018;13:55:33;BEELD;OS;A13R;11,100;70;70;70;
23-2-2018;13:55:33;BEELD;OS;A13R;12,000;*50*;*50*;*50*;*50*
23-2-2018;13:55:40;BEELD;OS;A13R;14,700;*50*;*50*;*50*;
23-2-2018;13:55:41;BEELD;OS;A13R;14,200;*70*;*70*;*70*;
23-2-2018;13:55:42;BEELD;OS;A13R;15,035;50;50;50;
23-2-2018;13:56:37;BEELD;OS;A13R;17,100;70;70;70;
23-2-2018;13:56:37;BEELD;OS;A13R;17,800;*50*;*50*;*50*;
23-2-2018;13:56:42;BEELD;OS;A13R;15,400;50;50;50;
23-2-2018;13:56:43;BEELD;OS;A13R;15,810;70;70;70;
23-2-2018;13:57:36;BEELD;OS;A13R;17,100;50;50;50;
23-2-2018;13:57:36;BEELD;OS;A13R;17,800;50;50;50;
23-2-2018;13:58:01;BEELD;OS;A13R;12,300;BL;BL;BL;BL
23-2-2018;13:58:01;BEELD;OS;A13R;12,700;BL;BL;BL;
23-2-2018;13:58:22;BEELD;OS;A13R;16,200;50;50;50;
23-2-2018;13:58:23;BEELD;OS;A13R;15,810;50;50;50;
23-2-2018;13:59:07;BEELD;OS;A13R;10,300;BL;BL;BL;BL
23-2-2018;13:59:07;BEELD;OS;A13R;11,100;*70*;*70*;*70*;
23-2-2018;13:59:07;BEELD;OS;A13R;15,810;70;70;70;
23-2-2018;13:59:07;BEELD;OS;A13R;16,200;*50*;*50*;*50*;
23-2-2018;13:59:07;BEELD;OS;A13R;9,900;BL;BL;BL;BL
23-2-2018;13:59:21;BEELD;OS;A13R;15,400;@;@;@;
23-2-2018;13:59:21;BEELD;OS;A13R;15,810;*70*;*70*;*70*;
23-2-2018;13:59:24;BEELD;OS;A13R;10,300;*70*;*70*;*70*;*70*
23-2-2018;13:59:24;BEELD;OS;A13R;11,100;*50*;*50*;*50*;
23-2-2018;13:59:24;BEELD;OS;A13R;12,000;50;50;50;50
23-2-2018;13:59:38;BEELD;OS;A13R;13,700;*50*;*50*;*50*;
23-2-2018;13:59:38;BEELD;OS;A13R;14,200;50;50;50;
23-2-2018;13:59:38;BEELD;OS;A13R;14,700;50;50;50;
23-2-2018;13:59:39;BEELD;OS;A13R;13,235;*70*;*70*;*70*;
23-2-2018;13:59:41;BEELD;OS;A13R;14,700;90;90;70;
23-2-2018;13:59:41;BEELD;OS;A13R;15,035;90;90;70;
23-2-2018;14:00:08;BEELD;OS;A13R;12,700;*70*;*70*;*70*;
23-2-2018;14:00:08;BEELD;OS;A13R;13,235;*50*;*50*;*50*;
23-2-2018;14:00:08;BEELD;OS;A13R;13,700;50;50;50;
23-2-2018;14:00:19;BEELD;OS;A13R;14,700;70;70;70;
23-2-2018;14:00:19;BEELD;OS;A13R;15,035;*50*;*50*;*50*;
23-2-2018;14:00:19;BEELD;OS;A13R;15,400;50;50;50;
23-2-2018;14:00:19;BEELD;OS;A13R;15,810;70;70;70;
23-2-2018;14:00:37;BEELD;OS;A13R;15,810;50;50;50;
23-2-2018;14:00:37;BEELD;OS;A13R;16,200;50;50;50;
23-2-2018;14:01:36;BEELD;OS;A13R;14,700;50;50;50;
23-2-2018;14:01:36;BEELD;OS;A13R;15,035;50;50;50;
23-2-2018;14:02:04;BEELD;OS;A13R;8,600;BL;BL;BL;
23-2-2018;14:02:04;BEELD;OS;A13R;9,100;BL;BL;BL;
23-2-2018;14:02:42;BEELD;OS;A13R;8,100;BL;BL;BL;
23-2-2018;14:02:49;BEELD;OS;A13R;12,300;70;70;70;70
23-2-2018;14:02:49;BEELD;OS;A13R;12,700;*50*;*50*;*50*;
23-2-2018;14:02:49;BEELD;OS;A13R;13,235;50;50;50;
23-2-2018;14:02:53;BEELD;OS;A13R;12,300;50;50;50;50
23-2-2018;14:02:53;BEELD;OS;A13R;12,700;50;50;50;
23-2-2018;14:03:33;BEELD;OS;A13R;10,300;*50*;*50*;*50*;*50*
23-2-2018;14:03:33;BEELD;OS;A13R;11,100;50;50;50;
23-2-2018;14:03:33;BEELD;OS;A13R;9,900;*70*;*70*;*70*;*70*
23-2-2018;14:03:50;BEELD;OS;A13R;17,800;*50*;*50*;*50*;
23-2-2018;14:03:51;BEELD;OS;A13R;17,100;70;70;70;
23-2-2018;14:04:25;BEELD;OS;A13R;17,100;50;50;50;
23-2-2018;14:04:25;BEELD;OS;A13R;17,800;50;50;50;
23-2-2018;14:04:33;BEELD;OS;A13R;11,100;70;70;70;
23-2-2018;14:04:33;BEELD;OS;A13R;12,000;*50*;*50*;*50*;*50*
23-2-2018;14:04:37;BEELD;OS;A13R;13,235;70;70;70;
23-2-2018;14:04:37;BEELD;OS;A13R;13,700;*50*;*50*;*50*;
23-2-2018;14:04:54;BEELD;OS;A13R;11,100;*70*;*70*;*70*;
23-2-2018;14:04:54;BEELD;OS;A13R;9,900;BL;BL;BL;BL
23-2-2018;14:04:55;BEELD;OS;A13R;10,300;BL;BL;BL;BL
23-2-2018;14:04:57;BEELD;OS;A13R;13,235;50;50;50;
23-2-2018;14:04:57;BEELD;OS;A13R;13,700;50;50;50;
23-2-2018;14:05:01;BEELD;OS;A13R;10,300;*70*;*70*;*70*;*70*
23-2-2018;14:05:01;BEELD;OS;A13R;11,100;*50*;*50*;*50*;
23-2-2018;14:05:01;BEELD;OS;A13R;12,000;50;50;50;50
23-2-2018;14:05:29;BEELD;OS;A13R;10,300;50;50;50;50
23-2-2018;14:05:29;BEELD;OS;A13R;11,100;50;50;50;
23-2-2018;14:05:29;BEELD;OS;A13R;9,100;*70*;*70*;*70*;
23-2-2018;14:05:29;BEELD;OS;A13R;9,900;*50*;*50*;*50*;*50*
23-2-2018;14:05:33;BEELD;OS;A13R;7,200;BL;BL;BL;
23-2-2018;14:05:53;BEELD;OS;A13R;12,700;70;70;70;
23-2-2018;14:05:53;BEELD;OS;A13R;13,235;*50*;*50*;*50*;
23-2-2018;14:05:58;BEELD;OS;A13R;12,700;50;50;50;
23-2-2018;14:05:59;BEELD;OS;A13R;13,235;50;50;50;
23-2-2018;14:06:37;BEELD;OS;A13R;10,300;*50*;*50*;*50*;*50*
23-2-2018;14:06:37;BEELD;OS;A13R;15,810;70;70;70;
23-2-2018;14:06:37;BEELD;OS;A13R;16,200;*50*;*50*;*50*;
23-2-2018;14:06:37;BEELD;OS;A13R;9,100;BL;BL;BL;
23-2-2018;14:06:37;BEELD;OS;A13R;9,900;*70*;*70*;*70*;*70*
23-2-2018;14:07:00;BEELD;OS;A13R;12,300;70;70;70;70
23-2-2018;14:07:01;BEELD;OS;A13R;12,700;*50*;*50*;*50*;
23-2-2018;14:07:04;BEELD;OS;A13R;11,100;*50*;*50*;*50*;
23-2-2018;14:07:04;BEELD;OS;A13R;9,900;BL;BL;BL;BL
23-2-2018;14:07:05;BEELD;OS;A13R;10,300;*70*;*70*;*70*;*70*
23-2-2018;14:07:26;BEELD;OS;A13R;12,300;50;50;50;50
23-2-2018;14:07:26;BEELD;OS;A13R;12,700;50;50;50;
23-2-2018;14:08:07;BEELD;OS;A13R;6,725;BL;BL;BL;BL
23-2-2018;14:08:12;BEELD;OS;A13R;15,810;*70*;*70*;*70*;
23-2-2018;14:08:13;BEELD;OS;A13R;15,400;@;@;@;
23-2-2018;14:08:37;BEELD;OS;A13R;10,300;*50*;*50*;*50*;*50*
23-2-2018;14:08:37;BEELD;OS;A13R;11,100;50;50;50;
23-2-2018;14:08:37;BEELD;OS;A13R;6,400;BL;BL;BL;BL
23-2-2018;14:08:37;BEELD;OS;A13R;9,900;*70*;*70*;*70*;*70*
23-2-2018;14:08:44;BEELD;OS;A13R;15,400;70;70;70;
23-2-2018;14:08:44;BEELD;OS;A13R;16,200;50;50;50;
23-2-2018;14:08:45;BEELD;OS;A13R;15,810;*50*;*50*;*50*;
23-2-2018;14:10:08;BEELD;OS;A13R;5,910;BL;BL;BL;
23-2-2018;14:10:26;BEELD;OS;A13R;15,035;70;70;70;
23-2-2018;14:10:26;BEELD;OS;A13R;15,810;50;50;50;
23-2-2018;14:10:27;BEELD;OS;A13R;15,400;*50*;*50*;*50*;
23-2-2018;14:10:32;BEELD;OS;A13R;11,100;70;70;70;
23-2-2018;14:10:33;BEELD;OS;A13R;12,000;*50*;*50*;*50*;*50*
23-2-2018;14:10:42;BEELD;OS;A13R;9,100;*70*;*70*;*70*;
23-2-2018;14:10:42;BEELD;OS;A13R;9,900;*50*;*50*;*50*;*50*
23-2-2018;14:10:43;BEELD;OS;A13R;10,300;50;50;50;50
23-2-2018;14:10:56;BEELD;OS;A13R;11,100;50;50;50;
23-2-2018;14:10:56;BEELD;OS;A13R;12,000;50;50;50;50
23-2-2018;14:11:16;BEELD;OS;A13R;5,910;50;50;50;
23-2-2018;14:11:16;BEELD;OS;A13R;6,400;50;50;50;50
23-2-2018;14:11:20;BEELD;OS;A13R;5,481;70;70;70;
23-2-2018;14:11:21;BEELD;OS;A13R;5,910;*50*;*50*;*50*;
23-2-2018;14:11:49;BEELD;OS;A13R;14,700;90;90;70;
23-2-2018;14:11:49;BEELD;OS;A13R;15,035;*70*;*70*;*70*;
23-2-2018;14:11:57;BEELD;OS;A13R;14,700;70;70;70;
23-2-2018;14:11:57;BEELD;OS;A13R;15,035;*50*;*50*;*50*;
23-2-2018;14:11:57;BEELD;OS;A13R;15,400;50;50;50;
23-2-2018;14:12:04;BEELD;OS;A13R;5,481;*70*;*70*;*70*;
23-2-2018;14:12:24;BEELD;OS;A13R;5,481;BL;BL;BL;
23-2-2018;14:12:24;BEELD;OS;A13R;5,910;BL;BL;BL;
23-2-2018;14:12:24;BEELD;OS;A13R;6,400;BL;BL;BL;BL
23-2-2018;14:13:12;BEELD;OS;A13R;14,700;50;50;50;
23-2-2018;14:13:12;BEELD;OS;A13R;15,035;50;50;50;
23-2-2018;14:13:44;BEELD;OS;A13R;11,100;*50*;*50*;*50*;
23-2-2018;14:13:45;BEELD;OS;A13R;10,300;70;70;70;70
23-2-2018;14:13:50;BEELD;OS;A13R;11,100;50;50;50;
23-2-2018;14:13:51;BEELD;OS;A13R;10,300;50;50;50;50
23-2-2018;14:14:25;BEELD;OS;A13R;10,300;*50*;*50*;*50*;*50*
23-2-2018;14:14:25;BEELD;OS;A13R;9,100;BL;BL;BL;
23-2-2018;14:14:25;BEELD;OS;A13R;9,900;*70*;*70*;*70*;*70*
23-2-2018;14:14:41;BEELD;OS;A13R;13,700;70;70;70;
23-2-2018;14:14:41;BEELD;OS;A13R;14,200;*50*;*50*;*50*;
23-2-2018;14:15:06;BEELD;OS;A13R;9,100;*70*;*70*;*70*;
23-2-2018;14:15:07;BEELD;OS;A13R;10,300;50;50;50;50
23-2-2018;14:15:07;BEELD;OS;A13R;9,900;*50*;*50*;*50*;*50*
23-2-2018;14:16:37;BEELD;OS;A13R;13,700;50;50;50;
23-2-2018;14:16:37;BEELD;OS;A13R;14,200;50;50;50;
23-2-2018;14:17:01;BEELD;OS;A13R;13,235;70;70;70;
23-2-2018;14:17:01;BEELD;OS;A13R;13,700;*50*;*50*;*50*;
23-2-2018;14:17:37;BEELD;OS;A13R;8,600;*70*;*70*;*70*;
23-2-2018;14:17:37;BEELD;OS;A13R;9,100;*50*;*50*;*50*;
23-2-2018;14:17:37;BEELD;OS;A13R;9,900;50;50;50;50
23-2-2018;14:18:07;BEELD;OS;A13R;13,235;50;50;50;
23-2-2018;14:18:07;BEELD;OS;A13R;13,700;50;50;50;
23-2-2018;14:18:49;BEELD;OS;A13R;8,100;*70*;*70*;*70*;
23-2-2018;14:18:49;BEELD;OS;A13R;8,600;*50*;*50*;*50*;
23-2-2018;14:18:49;BEELD;OS;A13R;9,100;50;50;50;
23-2-2018;14:20:30;BEELD;OS;A13R;8,100;*50*;*50*;*50*;
23-2-2018;14:20:30;BEELD;OS;A13R;8,600;50;50;50;
23-2-2018;14:20:31;BEELD;OS;A13R;7,200;*70*;*70*;*70*;
23-2-2018;14:25:04;BEELD;OS;A13R;6,725;*70*;*70*;*70*;*70*
23-2-2018;14:25:04;BEELD;OS;A13R;7,200;*50*;*50*;*50*;
23-2-2018;14:25:04;BEELD;OS;A13R;8,100;50;50;50;
23-2-2018;14:25:54;BEELD;OS;A13R;8,100;70;70;70;
23-2-2018;14:25:54;BEELD;OS;A13R;8,600;*50*;*50*;*50*;
23-2-2018;14:26:12;BEELD;OS;A13R;8,100;50;50;50;
23-2-2018;14:26:12;BEELD;OS;A13R;8,600;50;50;50;
23-2-2018;14:26:15;BEELD;OS;A13R;6,400;*70*;*70*;*70*;*70*
23-2-2018;14:26:15;BEELD;OS;A13R;6,725;*50*;*50*;*50*;*50*
23-2-2018;14:26:15;BEELD;OS;A13R;7,200;50;50;50;
23-2-2018;14:26:48;BEELD;OS;A13R;11,100;*50*;*50*;*50*;
23-2-2018;14:26:49;BEELD;OS;A13R;10,300;*70*;*70*;*70*;*70*
23-2-2018;14:26:49;BEELD;OS;A13R;9,900;BL;BL;BL;BL
23-2-2018;14:27:22;BEELD;OS;A13R;10,300;*50*;*50*;*50*;*50*
23-2-2018;14:27:22;BEELD;OS;A13R;11,100;50;50;50;
23-2-2018;14:27:22;BEELD;OS;A13R;9,900;70;70;70;70
23-2-2018;14:28:54;BEELD;OS;A13R;9,900;50;50;50;50
23-2-2018;14:28:55;BEELD;OS;A13R;10,300;50;50;50;50
23-2-2018;14:29:07;BEELD;OS;A13R;8,600;BL;BL;BL;
23-2-2018;14:29:07;BEELD;OS;A13R;9,100;*70*;*70*;*70*;
23-2-2018;14:29:07;BEELD;OS;A13R;9,900;*50*;*50*;*50*;*50*
23-2-2018;14:29:28;BEELD;OS;A13R;8,600;50;50;50;
23-2-2018;14:29:28;BEELD;OS;A13R;9,100;70;70;70;
23-2-2018;14:30:26;BEELD;OS;A13R;8,100;BL;BL;BL;
23-2-2018;14:30:26;BEELD;OS;A13R;8,600;BL;BL;BL;
23-2-2018;14:30:26;BEELD;OS;A13R;9,100;*70*;*70*;*70*;
23-2-2018;14:31:28;BEELD;OS;A13R;8,100;50;50;50;
23-2-2018;14:31:30;BEELD;OS;A13R;5,910;*70*;*70*;*70*;
23-2-2018;14:31:30;BEELD;OS;A13R;6,400;*50*;*50*;*50*;*50*
23-2-2018;14:31:30;BEELD;OS;A13R;6,725;50;50;50;50
23-2-2018;14:32:12;BEELD;OS;A13R;8,600;70;70;70;
23-2-2018;14:32:12;BEELD;OS;A13R;9,100;*50*;*50*;*50*;
23-2-2018;14:32:12;BEELD;OS;A13R;9,900;50;50;50;50
23-2-2018;14:32:40;BEELD;OS;A13R;7,200;70;70;70;
23-2-2018;14:32:40;BEELD;OS;A13R;8,100;*50*;*50*;*50*;
23-2-2018;14:33:00;BEELD;OS;A13R;8,100;BL;BL;BL;
23-2-2018;14:33:01;BEELD;OS;A13R;7,200;BL;BL;BL;
23-2-2018;14:33:01;BEELD;OS;A13R;8,600;*70*;*70*;*70*;
23-2-2018;14:33:22;BEELD;OS;A13R;7,200;70;70;70;
23-2-2018;14:33:22;BEELD;OS;A13R;8,100;*50*;*50*;*50*;
23-2-2018;14:33:22;BEELD;OS;A13R;8,600;70;70;70;
23-2-2018;14:33:49;BEELD;OS;A13R;5,910;BL;BL;BL;
23-2-2018;14:33:49;BEELD;OS;A13R;6,400;BL;BL;BL;BL
23-2-2018;14:33:49;BEELD;OS;A13R;6,725;BL;BL;BL;BL
23-2-2018;14:33:49;BEELD;OS;A13R;7,200;*70*;*70*;*70*;
23-2-2018;14:34:38;BEELD;OS;A13R;7,200;BL;BL;BL;
23-2-2018;14:34:38;BEELD;OS;A13R;8,100;BL;BL;BL;
23-2-2018;14:34:38;BEELD;OS;A13R;8,600;*70*;*70*;*70*;
23-2-2018;14:35:02;BEELD;OS;A13R;8,100;*70*;*70*;*70*;
23-2-2018;14:35:03;BEELD;OS;A13R;9,100;50;50;50;
23-2-2018;14:35:04;BEELD;OS;A13R;8,600;*50*;*50*;*50*;
23-2-2018;14:35:08;BEELD;OS;A13R;6,725;*70*;*70*;*70*;*70*
23-2-2018;14:35:08;BEELD;OS;A13R;7,200;*50*;*50*;*50*;
23-2-2018;14:35:08;BEELD;OS;A13R;8,100;70;70;70;
23-2-2018;14:35:34;BEELD;OS;A13R;6,725;BL;BL;BL;BL
23-2-2018;14:35:34;BEELD;OS;A13R;7,200;BL;BL;BL;
23-2-2018;14:35:34;BEELD;OS;A13R;8,100;*70*;*70*;*70*;
23-2-2018;14:37:26;BEELD;OS;A13R;7,200;*70*;*70*;*70*;
23-2-2018;14:37:26;BEELD;OS;A13R;8,100;*50*;*50*;*50*;
23-2-2018;14:37:26;BEELD;OS;A13R;8,600;50;50;50;
23-2-2018;14:38:52;BEELD;OS;A13R;8,600;BL;BL;BL;
23-2-2018;14:38:52;BEELD;OS;A13R;9,100;*70*;*70*;*70*;
23-2-2018;14:38:52;BEELD;OS;A13R;9,900;*50*;*50*;*50*;*50*
23-2-2018;14:39:04;BEELD;OS;A13R;8,600;70;70;70;
23-2-2018;14:39:04;BEELD;OS;A13R;9,100;*50*;*50*;*50*;
23-2-2018;14:39:04;BEELD;OS;A13R;9,900;50;50;50;50
23-2-2018;14:40:12;BEELD;OS;A13R;8,600;50;50;50;
23-2-2018;14:40:12;BEELD;OS;A13R;9,100;50;50;50;
23-2-2018;14:40:42;BEELD;OS;A13R;7,200;BL;BL;BL;
23-2-2018;14:40:42;BEELD;OS;A13R;8,100;*70*;*70*;*70*;
23-2-2018;14:40:42;BEELD;OS;A13R;8,600;*50*;*50*;*50*;
23-2-2018;14:41:24;BEELD;OS;A13R;8,100;*50*;*50*;*50*;
23-2-2018;14:41:25;BEELD;OS;A13R;7,200;*70*;*70*;*70*;
23-2-2018;14:41:25;BEELD;OS;A13R;8,600;50;50;50;
23-2-2018;14:42:24;BEELD;OS;A13R;8,100;70;70;70;
23-2-2018;14:42:25;BEELD;OS;A13R;8,600;*50*;*50*;*50*;
23-2-2018;14:42:26;BEELD;OS;A13R;7,200;BL;BL;BL;
23-2-2018;14:42:26;BEELD;OS;A13R;8,100;*70*;*70*;*70*;
23-2-2018;14:44:00;BEELD;OS;A13R;8,100;*50*;*50*;*50*;
23-2-2018;14:44:01;BEELD;OS;A13R;7,200;*70*;*70*;*70*;
23-2-2018;14:44:01;BEELD;OS;A13R;8,600;50;50;50;
23-2-2018;14:44:53;BEELD;OS;A13R;15,810;70;70;70;
23-2-2018;14:44:53;BEELD;OS;A13R;16,200;*50*;*50*;*50*;
23-2-2018;14:45:11;BEELD;OS;A13R;15,810;50;50;50;
23-2-2018;14:45:11;BEELD;OS;A13R;16,200;50;50;50;
23-2-2018;14:47:03;BEELD;OS;A13R;11,100;*50*;*50*;*50*;
23-2-2018;14:47:04;BEELD;OS;A13R;10,300;70;70;70;50
23-2-2018;14:47:32;BEELD;OS;A13R;8,100;50;50;50;
23-2-2018;14:47:33;BEELD;OS;A13R;6,725;*70*;*70*;*70*;*70*
23-2-2018;14:47:33;BEELD;OS;A13R;7,200;*50*;*50*;*50*;
23-2-2018;14:47:38;BEELD;OS;A13R;11,100;50;50;50;
23-2-2018;14:47:39;BEELD;OS;A13R;10,300;50;50;50;50
23-2-2018;14:47:49;BEELD;OS;A13R;10,300;*50*;*50*;*50*;*50*
23-2-2018;14:47:49;BEELD;OS;A13R;9,900;70;70;70;70
23-2-2018;14:48:11;BEELD;OS;A13R;10,300;50;50;50;50
23-2-2018;14:48:11;BEELD;OS;A13R;9,900;50;50;50;50
23-2-2018;14:50:32;BEELD;OS;A13R;9,100;70;70;70;
23-2-2018;14:50:33;BEELD;OS;A13R;9,900;*50*;*50*;*50*;*50*
23-2-2018;14:51:56;BEELD;OS;A13R;9,100;*70*;*70*;*70*;
23-2-2018;14:51:57;BEELD;OS;A13R;8,600;BL;BL;BL;
23-2-2018;14:52:15;BEELD;OS;A13R;8,600;70;70;70;
23-2-2018;14:52:15;BEELD;OS;A13R;9,100;*50*;*50*;*50*;
23-2-2018;14:52:15;BEELD;OS;A13R;9,900;50;50;50;50
23-2-2018;14:53:12;BEELD;OS;A13R;8,100;BL;BL;BL;
23-2-2018;14:53:12;BEELD;OS;A13R;8,600;*70*;*70*;*70*;
23-2-2018;14:53:42;BEELD;OS;A13R;6,400;*70*;*70*;*70*;*70*
23-2-2018;14:53:42;BEELD;OS;A13R;6,725;*50*;*50*;*50*;*50*
23-2-2018;14:53:42;BEELD;OS;A13R;7,200;50;50;50;
23-2-2018;14:54:24;BEELD;OS;A13R;8,100;70;70;70;
23-2-2018;14:54:24;BEELD;OS;A13R;8,600;*50*;*50*;*50*;
23-2-2018;14:54:25;BEELD;OS;A13R;9,100;50;50;50;
23-2-2018;14:56:00;BEELD;OS;A13R;6,400;*50*;*50*;*50*;*50*
23-2-2018;14:56:00;BEELD;OS;A13R;6,725;50;50;50;50
23-2-2018;14:56:01;BEELD;OS;A13R;5,910;*70*;*70*;*70*;
23-2-2018;14:56:36;BEELD;OS;A13R;8,100;50;50;50;
23-2-2018;14:56:37;BEELD;OS;A13R;8,600;50;50;50;
23-2-2018;14:56:38;BEELD;OS;A13R;7,200;70;70;70;
23-2-2018;14:56:38;BEELD;OS;A13R;8,100;*50*;*50*;*50*;
23-2-2018;14:57:33;BEELD;OS;A13R;5,910;BL;BL;BL;
23-2-2018;14:57:33;BEELD;OS;A13R;6,400;BL;BL;BL;BL
23-2-2018;14:57:33;BEELD;OS;A13R;6,725;BL;BL;BL;BL
23-2-2018;14:57:33;BEELD;OS;A13R;7,200;*70*;*70*;*70*;
23-2-2018;14:59:40;BEELD;OS;A13R;9,100;*50*;*50*;*50*;
23-2-2018;14:59:41;BEELD;OS;A13R;8,600;70;70;70;
23-2-2018;14:59:48;BEELD;OS;A13R;6,725;*70*;*70*;*70*;*70*
23-2-2018;14:59:48;BEELD;OS;A13R;8,100;50;50;50;
23-2-2018;14:59:49;BEELD;OS;A13R;7,200;*50*;*50*;*50*;
23-2-2018;15:00:08;BEELD;OS;A13R;8,600;50;50;50;
23-2-2018;15:00:08;BEELD;OS;A13R;9,100;50;50;50;
23-2-2018;15:00:34;BEELD;OS;A13R;6,725;BL;BL;BL;BL
23-2-2018;15:00:34;BEELD;OS;A13R;7,200;*70*;*70*;*70*;
23-2-2018;15:00:34;BEELD;OS;A13R;8,100;*50*;*50*;*50*;
23-2-2018;15:00:52;BEELD;OS;A13R;6,725;*70*;*70*;*70*;*70*
23-2-2018;15:00:52;BEELD;OS;A13R;8,100;50;50;50;
23-2-2018;15:00:53;BEELD;OS;A13R;7,200;*50*;*50*;*50*;
23-2-2018;15:01:21;BEELD;OS;A13R;8,100;70;70;70;
23-2-2018;15:01:21;BEELD;OS;A13R;8,600;*50*;*50*;*50*;
23-2-2018;15:02:22;BEELD;OS;A13R;8,100;50;50;50;
23-2-2018;15:02:22;BEELD;OS;A13R;8,600;50;50;50;
23-2-2018;15:02:41;BEELD;OS;A13R;6,400;*70*;*70*;*70*;*70*
23-2-2018;15:02:41;BEELD;OS;A13R;6,725;*50*;*50*;*50*;*50*
23-2-2018;15:02:42;BEELD;OS;A13R;7,200;50;50;50;
23-2-2018;15:03:56;BEELD;OS;A13R;6,400;BL;BL;BL;BL
23-2-2018;15:03:56;BEELD;OS;A13R;6,725;BL;BL;BL;BL
23-2-2018;15:03:56;BEELD;OS;A13R;7,200;*70*;*70*;*70*;
23-2-2018;15:03:56;BEELD;OS;A13R;8,100;*50*;*50*;*50*;
23-2-2018;15:04:40;BEELD;OS;A13R;6,725;*70*;*70*;*70*;*70*
23-2-2018;15:04:40;BEELD;OS;A13R;7,200;*50*;*50*;*50*;
23-2-2018;15:04:40;BEELD;OS;A13R;8,100;50;50;50;
23-2-2018;15:05:50;BEELD;OS;A13R;9,100;70;70;70;
23-2-2018;15:05:51;BEELD;OS;A13R;9,900;*50*;*50*;*50*;*50*
23-2-2018;15:05:52;BEELD;OS;A13R;9,100;*70*;*70*;*70*;
23-2-2018;15:05:53;BEELD;OS;A13R;8,600;BL;BL;BL;
23-2-2018;15:05:56;BEELD;OS;A13R;6,400;*70*;*70*;*70*;*70*
23-2-2018;15:05:56;BEELD;OS;A13R;6,725;*50*;*50*;*50*;*50*
23-2-2018;15:05:57;BEELD;OS;A13R;7,200;50;50;50;
23-2-2018;15:06:48;BEELD;OS;A13R;8,100;BL;BL;BL;
23-2-2018;15:06:52;BEELD;OS;A13R;9,100;*50*;*50*;*50*;
23-2-2018;15:06:53;BEELD;OS;A13R;8,600;*70*;*70*;*70*;
23-2-2018;15:06:53;BEELD;OS;A13R;9,900;50;50;50;50
23-2-2018;15:08:15;BEELD;OS;A13R;5,910;*70*;*70*;*70*;
23-2-2018;15:08:15;BEELD;OS;A13R;6,400;*50*;*50*;*50*;*50*
23-2-2018;15:08:15;BEELD;OS;A13R;6,725;50;50;50;50
23-2-2018;15:09:08;BEELD;OS;A13R;8,100;70;70;70;
23-2-2018;15:09:08;BEELD;OS;A13R;8,600;*50*;*50*;*50*;
23-2-2018;15:09:08;BEELD;OS;A13R;9,100;50;50;50;
23-2-2018;15:09:22;BEELD;OS;A13R;7,200;BL;BL;BL;
23-2-2018;15:09:22;BEELD;OS;A13R;8,100;*70*;*70*;*70*;
23-2-2018;15:11:16;BEELD;OS;A13R;7,200;70;70;70;
23-2-2018;15:11:16;BEELD;OS;A13R;8,100;*50*;*50*;*50*;
23-2-2018;15:11:16;BEELD;OS;A13R;8,600;50;50;50;
23-2-2018;15:12:20;BEELD;OS;A13R;6,400;BL;BL;BL;BL
23-2-2018;15:12:20;BEELD;OS;A13R;6,725;BL;BL;BL;BL
23-2-2018;15:12:21;BEELD;OS;A13R;5,910;BL;BL;BL;
23-2-2018;15:12:21;BEELD;OS;A13R;7,200;*70*;*70*;*70*;
23-2-2018;15:14:42;BEELD;OS;A13R;6,725;*70*;*70*;*70*;*70*
23-2-2018;15:14:42;BEELD;OS;A13R;7,200;*50*;*50*;*50*;
23-2-2018;15:14:42;BEELD;OS;A13R;8,100;50;50;50;
23-2-2018;15:15:54;BEELD;OS;A13R;9,100;70;70;70;
23-2-2018;15:15:54;BEELD;OS;A13R;9,900;*50*;*50*;*50*;*50*
23-2-2018;15:16:07;BEELD;OS;A13R;9,100;50;50;50;
23-2-2018;15:16:07;BEELD;OS;A13R;9,900;50;50;50;50
23-2-2018;15:16:32;BEELD;OS;A13R;6,400;*70*;*70*;*70*;*70*
23-2-2018;15:16:32;BEELD;OS;A13R;6,725;*50*;*50*;*50*;*50*
23-2-2018;15:16:32;BEELD;OS;A13R;7,200;50;50;50;
23-2-2018;15:16:58;BEELD;OS;A13R;8,600;70;70;70;
23-2-2018;15:16:58;BEELD;OS;A13R;9,100;*50*;*50*;*50*;
23-2-2018;15:17:42;BEELD;OS;A13R;8,600;50;50;50;
23-2-2018;15:17:42;BEELD;OS;A13R;9,100;50;50;50;
23-2-2018;15:18:08;BEELD;OS;A13R;8,100;70;70;70;
23-2-2018;15:18:08;BEELD;OS;A13R;8,600;*50*;*50*;*50*;
23-2-2018;15:18:36;BEELD;OS;A13R;6,400;*50*;*50*;*50*;*50*
23-2-2018;15:18:37;BEELD;OS;A13R;5,910;*70*;*70*;*70*;
23-2-2018;15:18:37;BEELD;OS;A13R;6,725;50;50;50;50
23-2-2018;15:20:01;BEELD;OS;A13R;8,100;50;50;50;
23-2-2018;15:20:01;BEELD;OS;A13R;8,600;50;50;50;
23-2-2018;15:20:24;BEELD;OS;A13R;5,481;*70*;*70*;*70*;
23-2-2018;15:20:24;BEELD;OS;A13R;6,400;50;50;50;50
23-2-2018;15:20:25;BEELD;OS;A13R;5,910;*50*;*50*;*50*;
23-2-2018;15:20:44;BEELD;OS;A13R;8,100;*50*;*50*;*50*;
23-2-2018;15:20:45;BEELD;OS;A13R;7,200;70;70;70;
23-2-2018;15:22:08;BEELD;OS;A13R;6,725;BL;BL;BL;BL
23-2-2018;15:22:08;BEELD;OS;A13R;7,200;*70*;*70*;*70*;
23-2-2018;15:22:25;BEELD;OS;A13R;6,725;70;70;70;70
23-2-2018;15:22:26;BEELD;OS;A13R;7,200;*50*;*50*;*50*;
23-2-2018;15:22:26;BEELD;OS;A13R;8,100;50;50;50;
23-2-2018;15:23:18;BEELD;OS;A13R;6,725;*70*;*70*;*70*;*70*
23-2-2018;15:23:19;BEELD;OS;A13R;5,481;BL;BL;BL;
23-2-2018;15:23:19;BEELD;OS;A13R;5,910;BL;BL;BL;
23-2-2018;15:23:19;BEELD;OS;A13R;6,400;BL;BL;BL;BL
23-2-2018;15:24:04;BEELD;OS;A13R;13,700;70;70;70;
23-2-2018;15:24:04;BEELD;OS;A13R;14,200;*50*;*50*;*50*;
23-2-2018;15:24:04;BEELD;OS;A13R;6,400;*70*;*70*;*70*;70
23-2-2018;15:24:04;BEELD;OS;A13R;6,725;*50*;*50*;*50*;*50*
23-2-2018;15:24:04;BEELD;OS;A13R;7,200;50;50;50;
23-2-2018;15:24:28;BEELD;OS;A13R;6,400;*50*;*50*;*50*;*50*
23-2-2018;15:24:29;BEELD;OS;A13R;5,910;*70*;*70*;*70*;
23-2-2018;15:24:29;BEELD;OS;A13R;6,725;50;50;50;50
23-2-2018;15:24:41;BEELD;OS;A13R;13,700;50;50;50;
23-2-2018;15:24:41;BEELD;OS;A13R;14,200;50;50;50;
23-2-2018;15:27:48;BEELD;OS;A13R;5,481;*70*;*70*;*70*;
23-2-2018;15:27:48;BEELD;OS;A13R;6,400;50;50;50;50
23-2-2018;15:27:49;BEELD;OS;A13R;5,910;*50*;*50*;*50*;
23-2-2018;15:30:08;BEELD;OS;A13R;5,481;BL;BL;BL;
23-2-2018;15:30:08;BEELD;OS;A13R;5,910;*70*;*70*;*70*;
23-2-2018;15:30:08;BEELD;OS;A13R;6,400;*50*;*50*;*50*;*50*
23-2-2018;15:30:41;BEELD;OS;A13R;5,481;*70*;*70*;*70*;
23-2-2018;15:30:41;BEELD;OS;A13R;5,910;*50*;*50*;*50*;
23-2-2018;15:30:41;BEELD;OS;A13R;6,400;50;50;50;50
23-2-2018;15:31:49;BEELD;OS;A13R;8,600;70;70;70;
23-2-2018;15:31:49;BEELD;OS;A13R;9,100;*50*;*50*;*50*;
23-2-2018;15:32:15;BEELD;OS;A13R;8,600;50;50;50;
23-2-2018;15:32:15;BEELD;OS;A13R;9,100;50;50;50;
23-2-2018;15:34:04;BEELD;OS;A13R;8,100;70;70;70;
23-2-2018;15:34:04;BEELD;OS;A13R;8,600;*50*;*50*;*50*;
23-2-2018;15:34:45;BEELD;OS;A13R;8,100;50;50;50;
23-2-2018;15:34:45;BEELD;OS;A13R;8,600;50;50;50;
23-2-2018;15:37:00;BEELD;OS;A13R;7,200;70;70;70;
23-2-2018;15:37:00;BEELD;OS;A13R;8,100;*50*;*50*;*50*;
23-2-2018;15:37:40;BEELD;OS;A13R;7,200;50;50;50;
23-2-2018;15:37:40;BEELD;OS;A13R;8,100;50;50;50;
23-2-2018;15:39:58;BEELD;OS;A13R;9,100;70;70;70;
23-2-2018;15:39:58;BEELD;OS;A13R;9,900;*50*;*50*;*50*;*50*
23-2-2018;15:40:11;BEELD;OS;A13R;5,481;BL;BL;BL;
23-2-2018;15:40:11;BEELD;OS;A13R;5,910;*70*;*70*;*70*;
23-2-2018;15:40:11;BEELD;OS;A13R;6,400;*50*;*50*;*50*;50
23-2-2018;15:40:48;BEELD;OS;A13R;9,100;50;50;50;
23-2-2018;15:40:49;BEELD;OS;A13R;9,900;50;50;50;50
23-2-2018;15:41:00;BEELD;OS;A13R;9,100;*50*;*50*;*50*;
23-2-2018;15:41:01;BEELD;OS;A13R;8,600;70;70;70;
23-2-2018;15:41:56;BEELD;OS;A13R;9,100;50;50;50;
23-2-2018;15:41:57;BEELD;OS;A13R;8,600;50;50;50;
23-2-2018;15:42:26;BEELD;OS;A13R;8,100;70;70;70;
23-2-2018;15:42:26;BEELD;OS;A13R;8,600;*50*;*50*;*50*;
23-2-2018;15:42:32;BEELD;OS;A13R;5,481;*70*;*70*;*70*;
23-2-2018;15:42:32;BEELD;OS;A13R;6,400;50;50;50;50
23-2-2018;15:42:33;BEELD;OS;A13R;5,910;*50*;*50*;*50*;
23-2-2018;15:44:42;BEELD;OS;A13R;8,100;50;50;50;
23-2-2018;15:44:42;BEELD;OS;A13R;8,600;50;50;50;
23-2-2018;15:45:32;BEELD;OS;A13R;7,200;70;70;70;
23-2-2018;15:45:32;BEELD;OS;A13R;8,100;*50*;*50*;*50*;
23-2-2018;15:46:52;BEELD;OS;A13R;5,481;*50*;*50*;*50*;
23-2-2018;15:46:52;BEELD;OS;A13R;5,910;50;50;50;
23-2-2018;15:47:28;BEELD;OS;A13R;7,200;50;50;50;
23-2-2018;15:47:28;BEELD;OS;A13R;8,100;50;50;50;
23-2-2018;15:49:56;BEELD;OS;A13R;5,481;BL;BL;BL;
23-2-2018;15:49:56;BEELD;OS;A13R;5,910;*70*;*70*;*70*;
23-2-2018;15:49:56;BEELD;OS;A13R;6,400;*50*;*50*;*50*;50
23-2-2018;15:52:14;BEELD;OS;A13R;5,481;*70*;*70*;*70*;
23-2-2018;15:52:14;BEELD;OS;A13R;5,910;*50*;*50*;*50*;
23-2-2018;15:52:14;BEELD;OS;A13R;6,400;50;50;50;50
23-2-2018;15:56:09;BEELD;OS;A13R;5,481;*50*;*50*;*50*;
23-2-2018;15:56:10;BEELD;OS;A13R;5,910;50;50;50;
23-2-2018;15:56:52;BEELD;OS;A13R;5,481;*70*;*70*;*70*;
23-2-2018;15:56:52;BEELD;OS;A13R;5,910;*50*;*50*;*50*;
23-2-2018;15:59:00;BEELD;OS;A13R;8,100;70;70;70;
23-2-2018;15:59:00;BEELD;OS;A13R;8,600;*50*;*50*;*50*;
23-2-2018;15:59:52;BEELD;OS;A13R;8,100;50;50;50;
23-2-2018;15:59:52;BEELD;OS;A13R;8,600;50;50;50;
23-2-2018;16:00:14;BEELD;OS;A13R;5,481;*50*;*50*;*50*;
23-2-2018;16:00:14;BEELD;OS;A13R;5,910;50;50;50;
23-2-2018;16:01:40;BEELD;OS;A13R;7,200;70;70;70;
23-2-2018;16:01:40;BEELD;OS;A13R;8,100;*50*;*50*;*50*;
23-2-2018;16:03:14;BEELD;OS;A13R;7,200;50;50;50;
23-2-2018;16:03:14;BEELD;OS;A13R;8,100;50;50;50;
23-2-2018;16:03:44;BEELD;OS;A13R;5,481;50;50;50;
23-2-2018;16:06:48;BEELD;OS;A13R;5,910;70;70;70;
23-2-2018;16:06:48;BEELD;OS;A13R;6,400;*50*;*50*;*50*;50
23-2-2018;16:07:20;BEELD;OS;A13R;5,910;50;50;50;
23-2-2018;16:07:20;BEELD;OS;A13R;6,400;50;50;50;50
23-2-2018;16:09:40;BEELD;OS;A13R;5,481;*50*;*50*;*50*;
23-2-2018;16:10:32;BEELD;OS;A13R;5,481;50;50;50;
23-2-2018;16:23:52;BEELD;OS;A13R;7,200;*PR*;50;50;
23-2-2018;16:23:52;BEELD;OS;A13R;8,100;X;50;50;
23-2-2018;16:40:58;BEELD;OS;A13R;8,100;50;50;50;
23-2-2018;16:41:00;BEELD;OS;A13R;7,200;50;50;50;
23-2-2018;16:46:56;BEELD;OS;A13R;6,400;50;50;50;*50*
23-2-2018;16:47:14;BEELD;OS;A13R;5,910;70;70;70;
23-2-2018;16:47:14;BEELD;OS;A13R;6,400;*50*;*50*;*50*;*50*
23-2-2018;16:47:18;BEELD;OS;A13R;8,100;70;70;70;
23-2-2018;16:47:19;BEELD;OS;A13R;8,600;*50*;*50*;*50*;
23-2-2018;16:47:20;BEELD;OS;A13R;5,910;50;50;50;
23-2-2018;16:47:20;BEELD;OS;A13R;6,400;50;50;50;*50*
23-2-2018;16:47:28;BEELD;OS;A13R;6,400;50;50;50;50
23-2-2018;16:47:36;BEELD;OS;A13R;8,100;50;50;50;
23-2-2018;16:47:36;BEELD;OS;A13R;8,600;50;50;50;
23-2-2018;16:50:17;BEELD;OS;A13R;8,100;*50*;*50*;*50*;
23-2-2018;16:50:18;BEELD;OS;A13R;7,200;70;70;70;
23-2-2018;16:50:52;BEELD;OS;A13R;7,200;50;50;50;
23-2-2018;16:50:52;BEELD;OS;A13R;8,100;50;50;50;
23-2-2018;16:54:32;BEELD;OS;A13R;6,400;50;50;50;*50*
23-2-2018;16:55:36;BEELD;OS;A13R;6,400;50;50;50;50
23-2-2018;17:04:46;BEELD;OS;A13R;8,100;70;70;70;
23-2-2018;17:04:46;BEELD;OS;A13R;8,600;*50*;*50*;*50*;
23-2-2018;17:06:33;BEELD;OS;A13R;7,200;BL;BL;BL;
23-2-2018;17:06:33;BEELD;OS;A13R;8,100;*70*;*70*;*70*;
23-2-2018;17:07:15;BEELD;OS;A13R;7,200;70;70;70;
23-2-2018;17:07:15;BEELD;OS;A13R;8,100;*50*;*50*;*50*;
23-2-2018;17:07:15;BEELD;OS;A13R;8,600;50;50;50;
23-2-2018;17:08:33;BEELD;OS;A13R;6,725;BL;BL;BL;BL
23-2-2018;17:08:33;BEELD;OS;A13R;7,200;*70*;*70*;*70*;
23-2-2018;17:08:53;BEELD;OS;A13R;6,400;50;50;50;*50*
23-2-2018;17:08:54;BEELD;OS;A13R;6,400;BL;BL;BL;BL
23-2-2018;17:09:29;BEELD;OS;A13R;8,600;70;70;70;
23-2-2018;17:09:29;BEELD;OS;A13R;9,100;*50*;*50*;*50*;
23-2-2018;17:09:33;BEELD;OS;A13R;6,725;*70*;*70*;*70*;*70*
23-2-2018;17:09:33;BEELD;OS;A13R;7,200;*50*;*50*;*50*;
23-2-2018;17:09:33;BEELD;OS;A13R;8,100;50;50;50;
23-2-2018;17:09:56;BEELD;OS;A13R;9,100;50;50;50;
23-2-2018;17:09:57;BEELD;OS;A13R;8,600;50;50;50;
23-2-2018;17:11:37;BEELD;OS;A13R;5,910;BL;BL;BL;
23-2-2018;17:12:34;BEELD;OS;A13R;6,400;*70*;*70*;*70*;*70*
23-2-2018;17:12:34;BEELD;OS;A13R;6,725;*50*;*50*;*50*;*50*
23-2-2018;17:12:35;BEELD;OS;A13R;7,200;50;50;50;
23-2-2018;17:13:37;BEELD;OS;A13R;5,481;BL;BL;BL;
23-2-2018;17:14:40;BEELD;OS;A13R;5,910;*70*;*70*;*70*;
23-2-2018;17:14:40;BEELD;OS;A13R;6,400;*50*;*50*;*50*;*50*
23-2-2018;17:14:40;BEELD;OS;A13R;6,725;50;50;50;50
23-2-2018;17:16:45;BEELD;OS;A13R;7,200;70;70;70;
23-2-2018;17:16:45;BEELD;OS;A13R;8,100;*50*;*50*;*50*;
23-2-2018;17:16:49;BEELD;OS;A13R;7,200;50;50;50;
23-2-2018;17:16:49;BEELD;OS;A13R;8,100;50;50;50;
23-2-2018;17:18:21;BEELD;OS;A13R;6,400;70;70;70;*50*
23-2-2018;17:18:21;BEELD;OS;A13R;6,725;*50*;*50*;*50*;50
23-2-2018;17:19:16;BEELD;OS;A13R;5,910;BL;BL;BL;
23-2-2018;17:19:16;BEELD;OS;A13R;6,400;*70*;*70*;*70*;*70*
23-2-2018;17:19:16;BEELD;OS;A13R;6,725;*50*;*50*;*50*;*50*
23-2-2018;17:19:33;BEELD;OS;A13R;6,400;70;70;70;*50*
23-2-2018;17:19:34;BEELD;OS;A13R;5,910;*70*;*70*;*70*;
23-2-2018;17:19:34;BEELD;OS;A13R;6,725;*50*;*50*;*50*;50
23-2-2018;17:20:40;BEELD;OS;A13R;5,910;BL;BL;BL;
23-2-2018;17:20:40;BEELD;OS;A13R;6,400;*70*;*70*;*70*;*70*
23-2-2018;17:20:40;BEELD;OS;A13R;6,725;*50*;*50*;*50*;*50*
23-2-2018;17:21:44;BEELD;OS;A13R;6,400;*50*;*50*;*50*;*50*
23-2-2018;17:21:44;BEELD;OS;A13R;6,725;50;50;50;50
23-2-2018;17:21:45;BEELD;OS;A13R;5,910;*70*;*70*;*70*;
23-2-2018;17:23:18;BEELD;OS;A13R;5,910;BL;BL;BL;
23-2-2018;17:23:18;BEELD;OS;A13R;6,400;*70*;*70*;*70*;*70*
23-2-2018;17:23:18;BEELD;OS;A13R;6,725;*50*;*50*;*50*;*50*
23-2-2018;17:28:25;BEELD;OS;A13R;6,725;50;50;50;50
23-2-2018;17:28:26;BEELD;OS;A13R;5,910;*70*;*70*;*70*;
23-2-2018;17:28:26;BEELD;OS;A13R;6,400;*50*;*50*;*50*;*50*
23-2-2018;17:31:25;BEELD;OS;A13R;8,600;70;70;70;
23-2-2018;17:31:25;BEELD;OS;A13R;9,100;*50*;*50*;*50*;
23-2-2018;17:31:40;BEELD;OS;A13R;5,910;BL;BL;BL;
23-2-2018;17:31:40;BEELD;OS;A13R;6,400;*70*;*70*;*70*;*70*
23-2-2018;17:31:40;BEELD;OS;A13R;6,725;*50*;*50*;*50*;*50*
23-2-2018;17:32:53;BEELD;OS;A13R;8,600;50;50;50;
23-2-2018;17:32:53;BEELD;OS;A13R;9,100;50;50;50;
23-2-2018;17:34:37;BEELD;OS;A13R;8,100;70;70;70;
23-2-2018;17:34:37;BEELD;OS;A13R;8,600;*50*;*50*;*50*;
23-2-2018;17:36:37;BEELD;OS;A13R;8,100;50;50;50;
23-2-2018;17:36:37;BEELD;OS;A13R;8,600;50;50;50;
23-2-2018;17:37:08;BEELD;OS;A13R;6,400;BL;BL;BL;BL
23-2-2018;17:37:08;BEELD;OS;A13R;6,725;BL;BL;BL;BL
23-2-2018;17:37:08;BEELD;OS;A13R;7,200;*70*;*70*;*70*;
23-2-2018;17:37:08;BEELD;OS;A13R;8,100;*50*;*50*;*50*;
23-2-2018;17:37:32;BEELD;OS;A13R;6,400;90;90;90;*70*
23-2-2018;17:37:32;BEELD;OS;A13R;6,725;*70*;*70*;*70*;*50*
23-2-2018;17:37:32;BEELD;OS;A13R;7,200;70;70;70;
23-2-2018;17:37:48;BEELD;OS;A13R;6,400;BL;BL;BL;BL
23-2-2018;17:37:48;BEELD;OS;A13R;6,725;BL;BL;BL;BL
23-2-2018;17:37:49;BEELD;OS;A13R;7,200;*70*;*70*;*70*;
23-2-2018;17:42:32;BEELD;OS;A13R;6,725;*70*;*70*;*70*;*70*
23-2-2018;17:42:32;BEELD;OS;A13R;8,100;50;50;50;
23-2-2018;17:42:33;BEELD;OS;A13R;7,200;*50*;*50*;*50*;
23-2-2018;17:44:49;BEELD;OS;A13R;6,725;BL;BL;BL;BL
23-2-2018;17:44:50;BEELD;OS;A13R;8,100;*50*;*50*;*50*;
23-2-2018;17:44:51;BEELD;OS;A13R;7,200;*70*;*70*;*70*;
23-2-2018;17:47:20;BEELD;OS;A13R;9,100;70;70;70;
23-2-2018;17:47:20;BEELD;OS;A13R;9,900;*50*;*50*;*50*;*50*
23-2-2018;17:47:34;BEELD;OS;A13R;9,100;50;50;50;
23-2-2018;17:47:35;BEELD;OS;A13R;9,900;50;50;50;50
23-2-2018;17:48:41;BEELD;OS;A13R;8,600;70;70;70;
23-2-2018;17:48:41;BEELD;OS;A13R;9,100;*50*;*50*;*50*;
23-2-2018;17:49:00;BEELD;OS;A13R;9,100;50;50;50;
23-2-2018;17:49:01;BEELD;OS;A13R;8,600;50;50;50;
23-2-2018;17:51:52;BEELD;OS;A13R;8,100;*70*;*70*;*70*;
23-2-2018;17:51:53;BEELD;OS;A13R;7,200;BL;BL;BL;
23-2-2018;17:51:53;BEELD;OS;A13R;8,600;*50*;*50*;*50*;
23-2-2018;17:55:20;BEELD;OS;A13R;7,200;*70*;*70*;*70*;
23-2-2018;17:55:20;BEELD;OS;A13R;8,100;*50*;*50*;*50*;
23-2-2018;17:55:20;BEELD;OS;A13R;8,600;50;50;50;
23-2-2018;17:59:49;BEELD;OS;A13R;9,100;70;70;70;
23-2-2018;17:59:49;BEELD;OS;A13R;9,900;*50*;*50*;*50*;*50*
23-2-2018;18:00:32;BEELD;OS;A13R;7,200;BL;BL;BL;
23-2-2018;18:00:32;BEELD;OS;A13R;8,100;BL;BL;BL;
23-2-2018;18:00:32;BEELD;OS;A13R;9,100;*50*;*50*;*50*;
23-2-2018;18:00:32;BEELD;OS;A13R;9,900;50;50;50;50
23-2-2018;18:00:33;BEELD;OS;A13R;8,600;*70*;*70*;*70*;
23-2-2018;18:01:16;BEELD;OS;A13R;7,200;*70*;*70*;*70*;
23-2-2018;18:01:16;BEELD;OS;A13R;8,100;*50*;*50*;*50*;
23-2-2018;18:01:16;BEELD;OS;A13R;8,600;70;70;70;
23-2-2018;18:02:45;BEELD;OS;A13R;7,200;BL;BL;BL;
23-2-2018;18:02:45;BEELD;OS;A13R;8,100;BL;BL;BL;
23-2-2018;18:02:45;BEELD;OS;A13R;8,600;*70*;*70*;*70*;
23-2-2018;18:03:45;BEELD;OS;A13R;8,100;*70*;*70*;*70*;
23-2-2018;18:03:45;BEELD;OS;A13R;8,600;*50*;*50*;*50*;
23-2-2018;18:03:45;BEELD;OS;A13R;9,100;50;50;50;
23-2-2018;18:11:24;BEELD;OS;A13R;8,100;BL;BL;BL;
23-2-2018;18:11:24;BEELD;OS;A13R;8,600;*70*;*70*;*70*;
23-2-2018;18:11:24;BEELD;OS;A13R;9,100;*50*;*50*;*50*;
23-2-2018;18:12:00;BEELD;OS;A13R;8,600;BL;BL;BL;
23-2-2018;18:12:00;BEELD;OS;A13R;9,100;*70*;*70*;*70*;
23-2-2018;18:12:01;BEELD;OS;A13R;9,900;*50*;*50*;*50*;*50*
23-2-2018;18:24:50;BEELD;OS;A13R;10,300;*50*;*50*;*50*;*50*
23-2-2018;18:24:50;BEELD;OS;A13R;9,100;BL;BL;BL;
23-2-2018;18:24:50;BEELD;OS;A13R;9,900;*70*;*70*;*70*;*70*
23-2-2018;18:31:18;BEELD;OS;A13R;10,300;*70*;*70*;*70*;*70*
23-2-2018;18:31:18;BEELD;OS;A13R;11,100;*50*;*50*;*50*;
23-2-2018;18:31:18;BEELD;OS;A13R;9,900;BL;BL;BL;BL
23-2-2018;18:32:18;BEELD;OS;A13R;15,810;70;70;70;
23-2-2018;18:32:18;BEELD;OS;A13R;16,200;*50*;*50*;*50*;
23-2-2018;18:33:28;BEELD;OS;A13R;15,810;*70*;*70*;*70*;
23-2-2018;18:33:29;BEELD;OS;A13R;15,400;BL;BL;BL;
23-2-2018;18:34:46;BEELD;OS;A13R;15,810;BL;BL;BL;
23-2-2018;18:34:46;BEELD;OS;A13R;16,200;*70*;*70*;*70*;
23-2-2018;18:34:46;BEELD;OS;A13R;16,655;*50*;*50*;*50*;*50*
23-2-2018;18:36:10;BEELD;OS;A13R;14,700;BL;BL;BL;
23-2-2018;18:36:10;BEELD;OS;A13R;15,035;BL;BL;BL;
23-2-2018;18:36:32;BEELD;OS;A13R;11,100;*70*;*70*;*70*;
23-2-2018;18:36:33;BEELD;OS;A13R;10,300;BL;BL;BL;BL
23-2-2018;18:36:33;BEELD;OS;A13R;12,000;*50*;*50*;*50*;*50*
23-2-2018;18:37:32;BEELD;OS;A13R;14,200;BL;BL;BL;
23-2-2018;18:37:32;BEELD;OS;A13R;15,810;*70*;*70*;*70*;
23-2-2018;18:37:32;BEELD;OS;A13R;16,200;*50*;*50*;*50*;
23-2-2018;18:37:32;BEELD;OS;A13R;16,655;50;50;50;*50*
23-2-2018;18:38:14;BEELD;OS;A13R;14,700;*70*;*70*;*70*;
23-2-2018;18:38:14;BEELD;OS;A13R;15,810;70;70;70;
23-2-2018;18:38:15;BEELD;OS;A13R;15,035;*50*;*50*;*50*;
23-2-2018;18:38:15;BEELD;OS;A13R;15,400;50;50;50;
23-2-2018;18:39:06;BEELD;OS;A13R;13,700;BL;BL;BL;
23-2-2018;18:39:48;BEELD;OS;A13R;11,100;*50*;*50*;*50*;
23-2-2018;18:39:49;BEELD;OS;A13R;10,300;*70*;*70*;*70*;*70*
23-2-2018;18:39:49;BEELD;OS;A13R;12,000;50;50;50;50
23-2-2018;18:40:10;BEELD;OS;A13R;14,700;BL;BL;BL;
23-2-2018;18:40:10;BEELD;OS;A13R;15,035;BL;BL;BL;
23-2-2018;18:40:10;BEELD;OS;A13R;15,810;*70*;*70*;*70*;
23-2-2018;18:40:11;BEELD;OS;A13R;15,400;BL;BL;BL;
23-2-2018;18:40:44;BEELD;OS;A13R;15,810;*50*;*50*;*50*;
23-2-2018;18:40:44;BEELD;OS;A13R;16,200;50;50;50;
23-2-2018;18:40:45;BEELD;OS;A13R;15,400;*70*;*70*;*70*;
23-2-2018;18:40:46;BEELD;OS;A13R;14,200;*70*;*70*;*70*;
23-2-2018;18:40:46;BEELD;OS;A13R;15,035;50;50;50;
23-2-2018;18:40:46;BEELD;OS;A13R;15,400;70;70;70;
23-2-2018;18:40:47;BEELD;OS;A13R;14,700;*50*;*50*;*50*;
23-2-2018;18:42:14;BEELD;OS;A13R;13,235;BL;BL;BL;
23-2-2018;18:42:14;BEELD;OS;A13R;15,400;50;50;50;
23-2-2018;18:42:14;BEELD;OS;A13R;15,810;50;50;50;
23-2-2018;18:44:06;BEELD;OS;A13R;12,700;BL;BL;BL;
23-2-2018;18:44:06;BEELD;OS;A13R;13,700;*70*;*70*;*70*;
23-2-2018;18:44:06;BEELD;OS;A13R;14,200;*50*;*50*;*50*;
23-2-2018;18:44:06;BEELD;OS;A13R;14,700;50;50;50;
23-2-2018;18:45:10;BEELD;OS;A13R;12,300;70;70;70;50
23-2-2018;18:45:28;BEELD;OS;A13R;12,300;BL;BL;BL;BL
23-2-2018;18:45:48;BEELD;OS;A13R;12,000;70;70;70;50
23-2-2018;18:46:10;BEELD;OS;A13R;13,700;*50*;*50*;*50*;
23-2-2018;18:46:10;BEELD;OS;A13R;14,200;50;50;50;
23-2-2018;18:46:11;BEELD;OS;A13R;13,235;*70*;*70*;*70*;
23-2-2018;18:46:57;BEELD;OS;A13R;12,000;BL;BL;BL;BL
23-2-2018;18:47:20;BEELD;OS;A13R;11,100;BL;BL;BL;
23-2-2018;18:47:21;BEELD;OS;A13R;10,300;BL;BL;BL;BL
23-2-2018;18:47:56;BEELD;OS;A13R;12,700;*70*;*70*;*70*;
23-2-2018;18:47:56;BEELD;OS;A13R;13,235;*50*;*50*;*50*;
23-2-2018;18:47:56;BEELD;OS;A13R;13,700;50;50;50;
23-2-2018;18:48:52;BEELD;OS;A13R;12,300;*70*;*70*;*70*;*70*
23-2-2018;18:48:52;BEELD;OS;A13R;12,700;*50*;*50*;*50*;
23-2-2018;18:48:53;BEELD;OS;A13R;13,235;50;50;50;
23-2-2018;18:52:57;BEELD;OS;A13R;15,810;70;70;70;
23-2-2018;18:52:57;BEELD;OS;A13R;16,200;*50*;*50*;*50*;
23-2-2018;18:53:10;BEELD;OS;A13R;12,000;*70*;*70*;*70*;*70*
23-2-2018;18:53:10;BEELD;OS;A13R;12,300;*50*;*50*;*50*;*50*
23-2-2018;18:53:10;BEELD;OS;A13R;12,700;50;50;50;
23-2-2018;18:54:01;BEELD;OS;A13R;15,810;BL;BL;BL;
23-2-2018;18:54:01;BEELD;OS;A13R;16,200;*70*;*70*;*70*;
23-2-2018;18:54:01;BEELD;OS;A13R;16,655;*50*;*50*;*50*;*50*
23-2-2018;18:54:32;BEELD;OS;A13R;15,400;BL;BL;BL;
23-2-2018;18:55:06;BEELD;OS;A13R;16,200;-80;-80;-80;
23-2-2018;18:55:06;BEELD;OS;A13R;16,655;*70*;*70*;*70*;*70*
23-2-2018;18:55:06;BEELD;OS;A13R;17,100;*50*;*50*;*50*;
23-2-2018;18:55:34;BEELD;OS;A13R;16,200;*70*;*70*;*70*;
23-2-2018;18:55:34;BEELD;OS;A13R;16,655;*50*;*50*;*50*;*50*
23-2-2018;18:55:35;BEELD;OS;A13R;17,100;50;50;50;
23-2-2018;18:56:30;BEELD;OS;A13R;12,000;BL;BL;BL;BL
23-2-2018;18:56:30;BEELD;OS;A13R;12,300;*70*;*70*;*70*;*70*
23-2-2018;18:56:30;BEELD;OS;A13R;12,700;*50*;*50*;*50*;
23-2-2018;18:58:10;BEELD;OS;A13R;16,655;-80;-80;-80;-80
23-2-2018;18:58:10;BEELD;OS;A13R;17,100;*70*;*70*;*70*;
23-2-2018;18:58:10;BEELD;OS;A13R;17,800;*50*;*50*;*50*;
23-2-2018;18:58:11;BEELD;OS;A13R;16,200;-80;-80;-80;
23-2-2018;18:58:22;BEELD;OS;A13R;14,700;BL;BL;BL;
23-2-2018;18:58:22;BEELD;OS;A13R;15,035;BL;BL;BL;
23-2-2018;18:59:14;BEELD;OS;A13R;17,800;50;50;50;
23-2-2018;18:59:15;BEELD;OS;A13R;16,655;*70*;*70*;*70*;*70*
23-2-2018;18:59:15;BEELD;OS;A13R;17,100;*50*;*50*;*50*;
23-2-2018;18:59:24;BEELD;OS;A13R;16,655;*50*;*50*;*50*;*50*
23-2-2018;18:59:25;BEELD;OS;A13R;16,200;*70*;*70*;*70*;
23-2-2018;18:59:25;BEELD;OS;A13R;17,100;50;50;50;
23-2-2018;19:01:10;BEELD;OS;A13R;12,300;BL;BL;BL;BL
23-2-2018;19:01:10;BEELD;OS;A13R;12,700;*70*;*70*;*70*;
23-2-2018;19:01:10;BEELD;OS;A13R;13,235;*50*;*50*;*50*;
23-2-2018;19:01:44;BEELD;OS;A13R;14,200;BL;BL;BL;
23-2-2018;19:02:28;BEELD;OS;A13R;15,810;*70*;*70*;*70*;
23-2-2018;19:02:28;BEELD;OS;A13R;16,200;*50*;*50*;*50*;
23-2-2018;19:02:28;BEELD;OS;A13R;16,655;50;50;50;*50*
23-2-2018;19:02:42;BEELD;OS;A13R;12,700;BL;BL;BL;
23-2-2018;19:02:42;BEELD;OS;A13R;13,235;BL;BL;BL;
23-2-2018;19:02:42;BEELD;OS;A13R;13,700;BL;BL;BL;
23-2-2018;19:04:00;BEELD;OS;A13R;15,400;*70*;*70*;*70*;
23-2-2018;19:04:00;BEELD;OS;A13R;16,200;50;50;50;
23-2-2018;19:04:01;BEELD;OS;A13R;15,810;*50*;*50*;*50*;
23-2-2018;19:05:20;BEELD;OS;A13R;15,400;*50*;*50*;*50*;
23-2-2018;19:05:21;BEELD;OS;A13R;15,035;*70*;*70*;*70*;
23-2-2018;19:05:21;BEELD;OS;A13R;15,810;50;50;50;
23-2-2018;19:06:44;BEELD;OS;A13R;17,800;70;70;70;
23-2-2018;19:07:06;BEELD;OS;A13R;14,700;*70*;*70*;*70*;
23-2-2018;19:07:06;BEELD;OS;A13R;15,035;*50*;*50*;*50*;
23-2-2018;19:07:06;BEELD;OS;A13R;15,400;50;50;50;
23-2-2018;19:09:10;BEELD;OS;A13R;17,100;-80;-80;-80;
23-2-2018;19:09:10;BEELD;OS;A13R;17,800;*70*;*70*;*70*;
23-2-2018;19:09:20;BEELD;OS;A13R;15,035;*70*;*70*;*70*;
23-2-2018;19:09:21;BEELD;OS;A13R;14,700;BL;BL;BL;
23-2-2018;19:09:21;BEELD;OS;A13R;15,400;*50*;*50*;*50*;
23-2-2018;19:09:28;BEELD;OS;A13R;15,400;BL;BL;BL;
23-2-2018;19:09:28;BEELD;OS;A13R;15,810;*70*;*70*;*70*;
23-2-2018;19:09:29;BEELD;OS;A13R;15,035;BL;BL;BL;
23-2-2018;19:09:29;BEELD;OS;A13R;16,200;*50*;*50*;*50*;
23-2-2018;19:09:56;BEELD;OS;A13R;17,100;70;70;70;
23-2-2018;19:09:56;BEELD;OS;A13R;17,800;*50*;*50*;*50*;
23-2-2018;19:11:06;BEELD;OS;A13R;17,800;*70*;*70*;*70*;
23-2-2018;19:11:07;BEELD;OS;A13R;17,100;-80;-80;-80;
23-2-2018;19:11:24;BEELD;OS;A13R;17,100;70;70;70;
23-2-2018;19:11:24;BEELD;OS;A13R;17,800;*50*;*50*;*50*;
23-2-2018;19:12:00;BEELD;OS;A13R;17,100;-80;-80;-80;
23-2-2018;19:12:00;BEELD;OS;A13R;17,800;*70*;*70*;*70*;
23-2-2018;19:12:20;BEELD;OS;A13R;16,200;*70*;*70*;*70*;
23-2-2018;19:12:21;BEELD;OS;A13R;15,810;BL;BL;BL;
23-2-2018;19:12:21;BEELD;OS;A13R;16,655;*50*;*50*;*50*;*50*
23-2-2018;19:12:45;BEELD;OS;A13R;16,200;-80;-80;-80;
23-2-2018;19:12:45;BEELD;OS;A13R;16,655;-80;-80;-80;-80
23-2-2018;19:14:06;BEELD;OS;A13R;17,100;*70*;*70*;*70*;
23-2-2018;19:14:06;BEELD;OS;A13R;17,800;*50*;*50*;*50*;
23-2-2018;19:14:33;BEELD;OS;A13R;14,700;90;90;90;
23-2-2018;19:14:34;BEELD;OS;A13R;15,035;90;90;*PL*;
23-2-2018;19:14:35;BEELD;OS;A13R;15,400;70;70;X;
23-2-2018;19:14:35;BEELD;OS;A13R;15,810;70;70;X;
23-2-2018;19:14:55;BEELD;OS;A13R;16,200;70;70;X;
23-2-2018;19:17:36;BEELD;OS;A13R;17,800;*70*;*70*;*70*;
23-2-2018;19:17:37;BEELD;OS;A13R;17,100;-80;-80;-80;
23-2-2018;19:17:40;BEELD;OS;A13R;15,035;50;50;*PL*;
23-2-2018;19:17:41;BEELD;OS;A13R;14,200;*70*;*70*;*70*;
23-2-2018;19:17:41;BEELD;OS;A13R;14,700;*50*;*50*;*50*;
23-2-2018;19:18:24;BEELD;OS;A13R;17,800;-80;-80;-80;
23-2-2018;19:19:00;BEELD;OS;A13R;14,700;90;90;90;
23-2-2018;19:19:01;BEELD;OS;A13R;14,200;BL;BL;BL;
23-2-2018;19:19:01;BEELD;OS;A13R;15,035;90;90;*PL*;
23-2-2018;19:20:00;BEELD;OS;A13R;14,700;*50*;*50*;*50*;
23-2-2018;19:20:01;BEELD;OS;A13R;14,200;*70*;*70*;*70*;
23-2-2018;19:20:01;BEELD;OS;A13R;15,035;50;50;*PL*;
23-2-2018;19:20:38;BEELD;OS;A13R;15,400;50;50;X;
23-2-2018;19:21:04;BEELD;OS;A13R;16,200;-80;-80;-80;
23-2-2018;19:21:06;BEELD;OS;A13R;15,810;BL;BL;BL;
23-2-2018;19:21:07;BEELD;OS;A13R;15,400;50;50;50;
23-2-2018;19:21:08;BEELD;OS;A13R;15,035;50;50;50;
23-2-2018;19:21:46;BEELD;OS;A13R;15,400;BL;BL;BL;
23-2-2018;19:22:28;BEELD;OS;A13R;14,200;BL;BL;BL;
23-2-2018;19:22:28;BEELD;OS;A13R;14,700;BL;BL;BL;
23-2-2018;19:22:28;BEELD;OS;A13R;15,035;BL;BL;BL;
