20/03/2017,00:00:01,BEELD,OS,A13R,"16,200",16.200,-80,-80,-80
20/03/2017,00:00:01,BEELD,OS,A13R,"16,655",16.655,-80,-80,-80
20/03/2017,00:00:01,BEELD,OS,A13R,"17,100",17.100,-80,-80,-80
20/03/2017,00:00:01,BEELD,OS,A13R,"17,800",17.800,-80,-80,-80
20/03/2017,07:28:15,BEELD,OS,A13R,"17,800",17.800,*70*,*70*,*70*
20/03/2017,07:28:21,BEELD,OS,A13R,"16,200",16.200,*70*,*70*,*70*
20/03/2017,07:28:21,BEELD,OS,A13R,"16,655",16.655,*50*,*50*,*50*
20/03/2017,07:28:23,BEELD,OS,A13R,"16,200",16.200,*70*,*70*,*70*
20/03/2017,07:28:23,BEELD,OS,A13R,"16,655",16.655,*50*,*50*,*50*
20/03/2017,07:28:41,BEELD,OS,A13R,"15,810",15.810,*70*,*70*,*70*
20/03/2017,07:28:41,BEELD,OS,A13R,"16,200",16.200,*50*,*50*,*50*
20/03/2017,07:28:41,BEELD,OS,A13R,"16,655",16.655,50,50,50
20/03/2017,07:29:25,BEELD,OS,A13R,"17,100",17.100,70,70,70
20/03/2017,07:29:25,BEELD,OS,A13R,"17,800",17.800,*50*,*50*,*50*
20/03/2017,07:31:10,BEELD,OS,A13R,"15,810",15.810,BL,BL,BL
20/03/2017,07:31:10,BEELD,OS,A13R,"16,200",16.200,*70*,*70*,*70*
20/03/2017,07:31:10,BEELD,OS,A13R,"16,655",16.655,*50*,*50*,*50*
20/03/2017,07:31:11,BEELD,OS,A13R,"15,035",15.035,*50*,*50*,*50*
20/03/2017,07:31:11,BEELD,OS,A13R,"15,035",15.035,*70*,*70*,*70*
20/03/2017,07:31:12,BEELD,OS,A13R,"15,400",15.400,*50*,*50*,*50*
20/03/2017,07:31:14,BEELD,OS,A13R,"14,700",14.700,*70*,*70*,*70*
20/03/2017,07:31:14,BEELD,OS,A13R,"15,035",15.035,*50*,*50*,*50*
20/03/2017,07:31:14,BEELD,OS,A13R,"15,400",15.400,50,50,50
20/03/2017,07:31:49,BEELD,OS,A13R,"14,200",14.200,*70*,*70*,*70*
20/03/2017,07:31:49,BEELD,OS,A13R,"14,700",14.700,*50*,*50*,*50*
20/03/2017,07:31:49,BEELD,OS,A13R,"15,035",15.035,50,50,50
20/03/2017,07:33:00,BEELD,OS,A13R,"15,400",15.400,BL,BL,BL
20/03/2017,07:33:18,BEELD,OS,A13R,"13,700",13.700,*70*,*70*,*70*
20/03/2017,07:33:18,BEELD,OS,A13R,"14,200",14.200,*50*,*50*,*50*
20/03/2017,07:33:18,BEELD,OS,A13R,"14,700",14.700,50,50,50
20/03/2017,07:34:45,BEELD,OS,A13R,"15,035",15.035,BL,BL,BL
20/03/2017,07:34:47,BEELD,OS,A13R,"16,200",16.200,-80,-80,-80
20/03/2017,07:34:47,BEELD,OS,A13R,"17,100",17.100,*70*,*70*,*70*
20/03/2017,07:34:48,BEELD,OS,A13R,"16,655",16.655,-80,-80,-80
20/03/2017,07:35:03,BEELD,OS,A13R,"13,700",13.700,*50*,*50*,*50*
20/03/2017,07:35:04,BEELD,OS,A13R,"13,235",13.235,*70*,*70*,*70*
20/03/2017,07:35:04,BEELD,OS,A13R,"14,200",14.200,50,50,50
20/03/2017,07:35:55,BEELD,OS,A13R,"14,700",14.700,BL,BL,BL
20/03/2017,07:36:55,BEELD,OS,A13R,"12,700",12.700,*70*,*70*,*70*
20/03/2017,07:36:55,BEELD,OS,A13R,"13,235",13.235,*50*,*50*,*50*
20/03/2017,07:36:55,BEELD,OS,A13R,"13,700",13.700,50,50,50
20/03/2017,07:37:25,BEELD,OS,A13R,"12,300",12.300,*70*,*70*,*70*
20/03/2017,07:37:25,BEELD,OS,A13R,"12,700",12.700,*50*,*50*,*50*
20/03/2017,07:37:25,BEELD,OS,A13R,"13,235",13.235,50,50,50
20/03/2017,07:37:58,BEELD,OS,A13R,"12,000",12.000,*50*,*50*,*50*
20/03/2017,07:37:59,BEELD,OS,A13R,"11,100",11.100,*70*,*70*,*70*
20/03/2017,07:37:59,BEELD,OS,A13R,"12,000",12.000,*50*,*50*,*50*
20/03/2017,07:37:59,BEELD,OS,A13R,"12,300",12.300,50,50,50
20/03/2017,07:37:59,BEELD,OS,A13R,"12,700",12.700,50,50,50
20/03/2017,07:38:08,BEELD,OS,A13R,"14,200",14.200,BL,BL,BL
20/03/2017,07:38:45,BEELD,OS,A13R,"16,655",16.655,*70*,*70*,*70*
20/03/2017,07:38:45,BEELD,OS,A13R,"17,100",17.100,*50*,*50*,*50*
20/03/2017,07:38:45,BEELD,OS,A13R,"17,800",17.800,50,50,50
20/03/2017,07:38:47,BEELD,OS,A13R,"17,800",17.800,70,70,70
20/03/2017,07:39:14,BEELD,OS,A13R,"16,200",16.200,*70*,*70*,*70*
20/03/2017,07:39:14,BEELD,OS,A13R,"16,655",16.655,*50*,*50*,*50*
20/03/2017,07:39:14,BEELD,OS,A13R,"17,100",17.100,50,50,50
20/03/2017,07:39:25,BEELD,OS,A13R,"17,800",17.800,-80,-80,-80
20/03/2017,07:39:57,BEELD,OS,A13R,"16,200",16.200,*50*,*50*,*50*
20/03/2017,07:39:57,BEELD,OS,A13R,"16,655",16.655,50,50,50
20/03/2017,07:39:58,BEELD,OS,A13R,"15,810",15.810,*70*,*70*,*70*
20/03/2017,07:40:06,BEELD,OS,A13R,"17,800",17.800,70,70,70
20/03/2017,07:41:18,BEELD,OS,A13R,"17,800",17.800,50,50,50
20/03/2017,07:41:40,BEELD,OS,A13R,"15,810",15.810,*50*,*50*,*50*
20/03/2017,07:41:40,BEELD,OS,A13R,"16,200",16.200,50,50,50
20/03/2017,07:41:41,BEELD,OS,A13R,"15,400",15.400,*70*,*70*,*70*
20/03/2017,07:41:56,BEELD,OS,A13R,"13,235",13.235,BL,BL,BL
20/03/2017,07:41:56,BEELD,OS,A13R,"13,700",13.700,BL,BL,BL
20/03/2017,07:42:32,BEELD,OS,A13R,"17,100",17.100,70,70,70
20/03/2017,07:42:32,BEELD,OS,A13R,"17,800",17.800,*50*,*50*,*50*
20/03/2017,07:44:04,BEELD,OS,A13R,"12,700",12.700,BL,BL,BL
20/03/2017,07:44:44,BEELD,OS,A13R,"15,035",15.035,*70*,*70*,*70*
20/03/2017,07:44:44,BEELD,OS,A13R,"15,400",15.400,*50*,*50*,*50*
20/03/2017,07:44:45,BEELD,OS,A13R,"15,810",15.810,50,50,50
20/03/2017,07:45:44,BEELD,OS,A13R,"10,300",10.300,*70*,*70*,*70*
20/03/2017,07:45:44,BEELD,OS,A13R,"11,100",11.100,*50*,*50*,*50*
20/03/2017,07:45:44,BEELD,OS,A13R,"12,000",12.000,50,50,50
20/03/2017,07:45:44,BEELD,OS,A13R,"14,700",14.700,*70*,*70*,*70*
20/03/2017,07:45:44,BEELD,OS,A13R,"15,035",15.035,*50*,*50*,*50*
20/03/2017,07:45:44,BEELD,OS,A13R,"15,400",15.400,50,50,50
20/03/2017,07:45:52,BEELD,OS,A13R,"12,300",12.300,BL,BL,BL
20/03/2017,07:47:10,BEELD,OS,A13R,"14,200",14.200,*70*,*70*,*70*
20/03/2017,07:47:10,BEELD,OS,A13R,"14,700",14.700,*50*,*50*,*50*
20/03/2017,07:47:10,BEELD,OS,A13R,"15,035",15.035,50,50,50
20/03/2017,07:47:25,BEELD,OS,A13R,"15,810",15.810,70,70,70
20/03/2017,07:47:26,BEELD,OS,A13R,"16,200",16.200,*50*,*50*,*50*
20/03/2017,07:47:48,BEELD,OS,A13R,"15,400",15.400,BL,BL,BL
20/03/2017,07:47:48,BEELD,OS,A13R,"15,810",15.810,*70*,*70*,*70*
20/03/2017,07:48:21,BEELD,OS,A13R,"13,700",13.700,*70*,*70*,*70*
20/03/2017,07:48:21,BEELD,OS,A13R,"14,200",14.200,*50*,*50*,*50*
20/03/2017,07:48:21,BEELD,OS,A13R,"14,700",14.700,50,50,50
20/03/2017,07:48:44,BEELD,OS,A13R,"11,100",11.100,*70*,*70*,*70*
20/03/2017,07:48:45,BEELD,OS,A13R,"10,300",10.300,BL,BL,BL
20/03/2017,07:48:45,BEELD,OS,A13R,"12,000",12.000,*50*,*50*,*50*
20/03/2017,07:49:06,BEELD,OS,A13R,"15,810",15.810,70,70,70
20/03/2017,07:49:07,BEELD,OS,A13R,"15,400",15.400,50,50,50
20/03/2017,07:49:20,BEELD,OS,A13R,"11,100",11.100,*50*,*50*,*50*
20/03/2017,07:49:21,BEELD,OS,A13R,"10,300",10.300,*70*,*70*,*70*
20/03/2017,07:49:21,BEELD,OS,A13R,"12,000",12.000,50,50,50
20/03/2017,07:49:40,BEELD,OS,A13R,"17,100",17.100,50,50,50
20/03/2017,07:49:40,BEELD,OS,A13R,"17,800",17.800,50,50,50
20/03/2017,07:50:10,BEELD,OS,A13R,"13,235",13.235,*70*,*70*,*70*
20/03/2017,07:50:10,BEELD,OS,A13R,"13,700",13.700,*50*,*50*,*50*
20/03/2017,07:50:10,BEELD,OS,A13R,"14,200",14.200,50,50,50
20/03/2017,07:50:28,BEELD,OS,A13R,"15,810",15.810,BL,BL,BL
20/03/2017,07:50:28,BEELD,OS,A13R,"16,200",16.200,*70*,*70*,*70*
20/03/2017,07:50:28,BEELD,OS,A13R,"16,655",16.655,*50*,*50*,*50*
20/03/2017,07:50:33,BEELD,OS,A13R,"12,000",12.000,BL,BL,BL
20/03/2017,07:50:37,BEELD,OS,A13R,"15,400",15.400,BL,BL,BL
20/03/2017,07:50:57,BEELD,OS,A13R,"15,400",15.400,50,50,50
20/03/2017,07:51:01,BEELD,OS,A13R,"10,300",10.300,BL,BL,BL
20/03/2017,07:51:01,BEELD,OS,A13R,"11,100",11.100,BL,BL,BL
20/03/2017,07:51:33,BEELD,OS,A13R,"17,800",17.800,-80,-80,-80
20/03/2017,07:51:37,BEELD,OS,A13R,"13,235",13.235,*50*,*50*,*50*
20/03/2017,07:51:37,BEELD,OS,A13R,"13,700",13.700,50,50,50
20/03/2017,07:51:38,BEELD,OS,A13R,"12,700",12.700,*70*,*70*,*70*
20/03/2017,07:51:49,BEELD,OS,A13R,"14,700",14.700,70,70,70
20/03/2017,07:51:49,BEELD,OS,A13R,"15,035",15.035,*50*,*50*,*50*
20/03/2017,07:51:58,BEELD,OS,A13R,"10,300",10.300,*50*,*50*,*50*
20/03/2017,07:51:58,BEELD,OS,A13R,"9,900",9.900,*70*,*70*,*70*
20/03/2017,07:52:21,BEELD,OS,A13R,"15,810",15.810,70,70,70
20/03/2017,07:52:21,BEELD,OS,A13R,"16,200",16.200,*50*,*50*,*50*
20/03/2017,07:52:22,BEELD,OS,A13R,"16,655",16.655,50,50,50
20/03/2017,07:52:45,BEELD,OS,A13R,"15,035",15.035,50,50,50
20/03/2017,07:52:46,BEELD,OS,A13R,"14,700",14.700,50,50,50
20/03/2017,07:53:01,BEELD,OS,A13R,"12,700",12.700,BL,BL,BL
20/03/2017,07:53:01,BEELD,OS,A13R,"13,235",13.235,*70*,*70*,*70*
20/03/2017,07:53:01,BEELD,OS,A13R,"13,700",13.700,*50*,*50*,*50*
20/03/2017,07:53:06,BEELD,OS,A13R,"11,100",11.100,70,70,70
20/03/2017,07:53:06,BEELD,OS,A13R,"12,300",12.300,50,50,50
20/03/2017,07:53:06,BEELD,OS,A13R,"15,810",15.810,*70*,*70*,*70*
20/03/2017,07:53:07,BEELD,OS,A13R,"12,000",12.000,*50*,*50*,*50*
20/03/2017,07:53:07,BEELD,OS,A13R,"15,400",15.400,BL,BL,BL
20/03/2017,07:53:20,BEELD,OS,A13R,"13,700",13.700,BL,BL,BL
20/03/2017,07:53:20,BEELD,OS,A13R,"14,700",14.700,*50*,*50*,*50*
20/03/2017,07:53:21,BEELD,OS,A13R,"13,235",13.235,BL,BL,BL
20/03/2017,07:53:21,BEELD,OS,A13R,"14,200",14.200,*70*,*70*,*70*
20/03/2017,07:53:25,BEELD,OS,A13R,"13,235",13.235,50,50,50
20/03/2017,07:53:26,BEELD,OS,A13R,"12,700",12.700,50,50,50
20/03/2017,07:53:30,BEELD,OS,A13R,"10,300",10.300,BL,BL,BL
20/03/2017,07:53:30,BEELD,OS,A13R,"11,100",11.100,*70*,*70*,*70*
20/03/2017,07:53:30,BEELD,OS,A13R,"9,900",9.900,BL,BL,BL
20/03/2017,07:53:49,BEELD,OS,A13R,"15,400",15.400,70,70,70
20/03/2017,07:53:49,BEELD,OS,A13R,"15,810",15.810,*50*,*50*,*50*
20/03/2017,07:53:50,BEELD,OS,A13R,"16,200",16.200,50,50,50
20/03/2017,07:54:01,BEELD,OS,A13R,"13,700",13.700,70,70,70
20/03/2017,07:54:01,BEELD,OS,A13R,"14,200",14.200,*50*,*50*,*50*
20/03/2017,07:54:01,BEELD,OS,A13R,"14,700",14.700,50,50,50
20/03/2017,07:55:04,BEELD,OS,A13R,"15,400",15.400,50,50,50
20/03/2017,07:55:04,BEELD,OS,A13R,"15,810",15.810,50,50,50
20/03/2017,07:55:20,BEELD,OS,A13R,"12,700",12.700,BL,BL,BL
20/03/2017,07:55:20,BEELD,OS,A13R,"13,700",13.700,*70*,*70*,*70*
20/03/2017,07:55:21,BEELD,OS,A13R,"13,235",13.235,BL,BL,BL
20/03/2017,07:55:44,BEELD,OS,A13R,"13,235",13.235,*70*,*70*,*70*
20/03/2017,07:55:44,BEELD,OS,A13R,"13,700",13.700,*50*,*50*,*50*
20/03/2017,07:55:44,BEELD,OS,A13R,"14,200",14.200,50,50,50
20/03/2017,07:56:21,BEELD,OS,A13R,"11,100",11.100,70,70,70
20/03/2017,07:56:22,BEELD,OS,A13R,"10,300",10.300,*50*,*50*,*50*
20/03/2017,07:56:22,BEELD,OS,A13R,"9,900",9.900,*70*,*70*,*70*
20/03/2017,07:56:26,BEELD,OS,A13R,"15,035",15.035,70,70,70
20/03/2017,07:56:26,BEELD,OS,A13R,"15,400",15.400,*50*,*50*,*50*
20/03/2017,07:56:37,BEELD,OS,A13R,"15,035",15.035,50,50,50
20/03/2017,07:56:37,BEELD,OS,A13R,"15,400",15.400,50,50,50
20/03/2017,07:56:49,BEELD,OS,A13R,"15,810",15.810,70,70,70
20/03/2017,07:56:50,BEELD,OS,A13R,"16,200",16.200,*50*,*50*,*50*
20/03/2017,07:56:58,BEELD,OS,A13R,"13,235",13.235,*50*,*50*,*50*
20/03/2017,07:56:58,BEELD,OS,A13R,"13,700",13.700,50,50,50
20/03/2017,07:56:59,BEELD,OS,A13R,"12,700",12.700,70,70,70
20/03/2017,07:57:07,BEELD,OS,A13R,"17,100",17.100,-80,-80,-80
20/03/2017,07:57:07,BEELD,OS,A13R,"17,800",17.800,*70*,*70*,*70*
20/03/2017,07:58:14,BEELD,OS,A13R,"11,100",11.100,50,50,50
20/03/2017,07:58:15,BEELD,OS,A13R,"12,000",12.000,50,50,50
20/03/2017,07:58:26,BEELD,OS,A13R,"17,800",17.800,-80,-80,-80
20/03/2017,07:58:36,BEELD,OS,A13R,"12,700",12.700,50,50,50
20/03/2017,07:58:36,BEELD,OS,A13R,"15,400",15.400,BL,BL,BL
20/03/2017,07:58:36,BEELD,OS,A13R,"15,810",15.810,*70*,*70*,*70*
20/03/2017,07:58:38,BEELD,OS,A13R,"13,235",13.235,50,50,50
20/03/2017,07:59:57,BEELD,OS,A13R,"10,300",10.300,50,50,50
20/03/2017,07:59:57,BEELD,OS,A13R,"9,100",9.100,*70*,*70*,*70*
20/03/2017,07:59:57,BEELD,OS,A13R,"9,900",9.900,*50*,*50*,*50*
20/03/2017,08:00:44,BEELD,OS,A13R,"16,655",16.655,*50*,*50*,*50*
20/03/2017,08:00:45,BEELD,OS,A13R,"15,810",15.810,BL,BL,BL
20/03/2017,08:00:45,BEELD,OS,A13R,"16,200",16.200,*70*,*70*,*70*
20/03/2017,08:00:49,BEELD,OS,A13R,"15,035",15.035,BL,BL,BL
20/03/2017,08:01:01,BEELD,OS,A13R,"15,810",15.810,*70*,*70*,*70*
20/03/2017,08:01:01,BEELD,OS,A13R,"16,200",16.200,*50*,*50*,*50*
20/03/2017,08:01:01,BEELD,OS,A13R,"16,655",16.655,50,50,50
20/03/2017,08:01:14,BEELD,OS,A13R,"9,100",9.100,BL,BL,BL
20/03/2017,08:01:15,BEELD,OS,A13R,"10,300",10.300,*70*,*70*,*70*
20/03/2017,08:01:15,BEELD,OS,A13R,"11,100",11.100,*50*,*50*,*50*
20/03/2017,08:01:15,BEELD,OS,A13R,"9,900",9.900,BL,BL,BL
20/03/2017,08:01:26,BEELD,OS,A13R,"14,700",14.700,BL,BL,BL
20/03/2017,08:02:15,BEELD,OS,A13R,"13,235",13.235,70,70,70
20/03/2017,08:02:15,BEELD,OS,A13R,"13,700",13.700,*50*,*50*,*50*
20/03/2017,08:02:36,BEELD,OS,A13R,"13,235",13.235,50,50,50
20/03/2017,08:02:36,BEELD,OS,A13R,"13,700",13.700,50,50,50
20/03/2017,08:02:41,BEELD,OS,A13R,"10,300",10.300,*50*,*50*,*50*
20/03/2017,08:02:41,BEELD,OS,A13R,"11,100",11.100,50,50,50
20/03/2017,08:02:42,BEELD,OS,A13R,"9,900",9.900,*70*,*70*,*70*
20/03/2017,08:04:00,BEELD,OS,A13R,"11,100",11.100,*50*,*50*,*50*
20/03/2017,08:04:00,BEELD,OS,A13R,"9,900",9.900,BL,BL,BL
20/03/2017,08:04:01,BEELD,OS,A13R,"10,300",10.300,*70*,*70*,*70*
20/03/2017,08:04:10,BEELD,OS,A13R,"14,200",14.200,BL,BL,BL
20/03/2017,08:04:56,BEELD,OS,A13R,"7,200",7.200,*50*,*50*,*50*
20/03/2017,08:04:57,BEELD,OS,A13R,"6,725",6.725,*70*,*70*,*70*
20/03/2017,08:05:07,BEELD,OS,A13R,"12,700",12.700,70,70,70
20/03/2017,08:05:07,BEELD,OS,A13R,"13,235",13.235,*50*,*50*,*50*
20/03/2017,08:05:11,BEELD,OS,A13R,"15,810",15.810,BL,BL,BL
20/03/2017,08:05:11,BEELD,OS,A13R,"16,655",16.655,*50*,*50*,*50*
20/03/2017,08:05:12,BEELD,OS,A13R,"16,200",16.200,*70*,*70*,*70*
20/03/2017,08:05:56,BEELD,OS,A13R,"14,700",14.700,*70*,*70*,*70*
20/03/2017,08:05:56,BEELD,OS,A13R,"15,035",15.035,*50*,*50*,*50*
20/03/2017,08:05:56,BEELD,OS,A13R,"15,400",15.400,50,50,50
20/03/2017,08:06:03,BEELD,OS,A13R,"17,800",17.800,*70*,*70*,*70*
20/03/2017,08:06:15,BEELD,OS,A13R,"12,700",12.700,BL,BL,BL
20/03/2017,08:06:15,BEELD,OS,A13R,"13,235",13.235,BL,BL,BL
20/03/2017,08:06:15,BEELD,OS,A13R,"13,700",13.700,BL,BL,BL
20/03/2017,08:06:19,BEELD,OS,A13R,"16,200",16.200,-80,-80,-80
20/03/2017,08:06:19,BEELD,OS,A13R,"16,655",16.655,-80,-80,-80
20/03/2017,08:06:20,BEELD,OS,A13R,"10,300",10.300,*50*,*50*,*50*
20/03/2017,08:06:20,BEELD,OS,A13R,"11,100",11.100,50,50,50
20/03/2017,08:06:21,BEELD,OS,A13R,"9,900",9.900,*70*,*70*,*70*
20/03/2017,08:06:29,BEELD,OS,A13R,"6,400",6.400,*70*,*70*,*70*
20/03/2017,08:06:29,BEELD,OS,A13R,"6,725",6.725,*50*,*50*,*50*
20/03/2017,08:06:29,BEELD,OS,A13R,"7,200",7.200,50,50,50
20/03/2017,08:06:45,BEELD,OS,A13R,"12,300",12.300,BL,BL,BL
20/03/2017,08:07:07,BEELD,OS,A13R,"17,800",17.800,-80,-80,-80
20/03/2017,08:07:44,BEELD,OS,A13R,"14,700",14.700,*50*,*50*,*50*
20/03/2017,08:07:44,BEELD,OS,A13R,"6,400",6.400,BL,BL,BL
20/03/2017,08:07:44,BEELD,OS,A13R,"6,725",6.725,*70*,*70*,*70*
20/03/2017,08:07:45,BEELD,OS,A13R,"14,200",14.200,*70*,*70*,*70*
20/03/2017,08:07:45,BEELD,OS,A13R,"15,035",15.035,50,50,50
20/03/2017,08:07:45,BEELD,OS,A13R,"7,200",7.200,*50*,*50*,*50*
20/03/2017,08:07:48,BEELD,OS,A13R,"6,400",6.400,*50*,*50*,*50*
20/03/2017,08:07:48,BEELD,OS,A13R,"6,725",6.725,50,50,50
20/03/2017,08:07:49,BEELD,OS,A13R,"5,910",5.910,*70*,*70*,BL
20/03/2017,08:07:49,BEELD,OS,A13R,"7,200",7.200,50,50,50
20/03/2017,08:07:53,BEELD,OS,A13R,"15,400",15.400,BL,BL,BL
20/03/2017,08:07:57,BEELD,OS,A13R,"17,800",17.800,*70*,*70*,*70*
20/03/2017,08:08:11,BEELD,OS,A13R,"9,100",9.100,*70*,*70*,*70*
20/03/2017,08:08:11,BEELD,OS,A13R,"9,900",9.900,*50*,*50*,*50*
20/03/2017,08:08:12,BEELD,OS,A13R,"10,300",10.300,50,50,50
20/03/2017,08:09:07,BEELD,OS,A13R,"5,481",5.481,*70*,*70*,*70*
20/03/2017,08:09:07,BEELD,OS,A13R,"5,910",5.910,*50*,*50*,BL
20/03/2017,08:09:07,BEELD,OS,A13R,"6,400",6.400,50,50,50
20/03/2017,08:09:18,BEELD,OS,A13R,"14,700",14.700,50,50,50
20/03/2017,08:09:19,BEELD,OS,A13R,"13,700",13.700,*70*,*70*,*70*
20/03/2017,08:09:19,BEELD,OS,A13R,"14,200",14.200,*50*,*50*,*50*
20/03/2017,08:09:21,BEELD,OS,A13R,"6,400",6.400,50,50,50
20/03/2017,08:09:33,BEELD,OS,A13R,"7,200",7.200,BL,BL,BL
20/03/2017,08:10:01,BEELD,OS,A13R,"12,000",12.000,BL,BL,BL
20/03/2017,08:10:18,BEELD,OS,A13R,"6,400",6.400,50,50,50
20/03/2017,08:10:45,BEELD,OS,A13R,"17,100",17.100,*70*,*70*,*70*
20/03/2017,08:10:45,BEELD,OS,A13R,"17,800",17.800,*50*,*50*,*50*
20/03/2017,08:10:51,BEELD,OS,A13R,"5,481",5.481,BL,BL,BL
20/03/2017,08:10:51,BEELD,OS,A13R,"6,400",6.400,*50*,*50*,*50*
20/03/2017,08:10:52,BEELD,OS,A13R,"5,910",5.910,*70*,*70*,BL
20/03/2017,08:11:01,BEELD,OS,A13R,"17,100",17.100,-80,-80,-80
20/03/2017,08:11:01,BEELD,OS,A13R,"17,800",17.800,*70*,*70*,*70*
20/03/2017,08:11:03,BEELD,OS,A13R,"13,700",13.700,*50*,*50*,*50*
20/03/2017,08:11:04,BEELD,OS,A13R,"13,235",13.235,*70*,*70*,*70*
20/03/2017,08:11:04,BEELD,OS,A13R,"14,200",14.200,50,50,50
20/03/2017,08:11:10,BEELD,OS,A13R,"9,100",9.100,*50*,*50*,*50*
20/03/2017,08:11:11,BEELD,OS,A13R,"8,600",8.600,*70*,*70*,*70*
20/03/2017,08:11:11,BEELD,OS,A13R,"9,900",9.900,50,50,50
20/03/2017,08:11:46,BEELD,OS,A13R,"11,100",11.100,BL,BL,BL
20/03/2017,08:11:49,BEELD,OS,A13R,"12,300",12.300,*70*,*70*,*70*
20/03/2017,08:11:49,BEELD,OS,A13R,"12,700",12.700,*50*,*50*,*50*
20/03/2017,08:11:50,BEELD,OS,A13R,"13,235",13.235,50,50,50
20/03/2017,08:11:50,BEELD,OS,A13R,"13,700",13.700,50,50,50
20/03/2017,08:12:15,BEELD,OS,A13R,"15,035",15.035,BL,BL,BL
20/03/2017,08:12:15,BEELD,OS,A13R,"5,481",5.481,*70*,*70*,*70*
20/03/2017,08:12:15,BEELD,OS,A13R,"5,910",5.910,*50*,*50*,BL
20/03/2017,08:12:15,BEELD,OS,A13R,"6,400",6.400,50,50,50
20/03/2017,08:12:16,BEELD,OS,A13R,"14,700",14.700,BL,BL,BL
20/03/2017,08:12:19,BEELD,OS,A13R,"6,400",6.400,50,50,50
20/03/2017,08:12:47,BEELD,OS,A13R,"9,100",9.100,50,50,50
20/03/2017,08:12:48,BEELD,OS,A13R,"8,600",8.600,*50*,*50*,*50*
20/03/2017,08:12:53,BEELD,OS,A13R,"13,700",13.700,BL,BL,BL
20/03/2017,08:12:53,BEELD,OS,A13R,"14,200",14.200,BL,BL,BL
20/03/2017,08:12:57,BEELD,OS,A13R,"11,100",11.100,70,70,70
20/03/2017,08:12:57,BEELD,OS,A13R,"12,000",12.000,*50*,*50*,*50*
20/03/2017,08:12:57,BEELD,OS,A13R,"12,300",12.300,50,50,50
20/03/2017,08:12:57,BEELD,OS,A13R,"12,700",12.700,50,50,50
20/03/2017,08:13:20,BEELD,OS,A13R,"11,100",11.100,*70*,*70*,*70*
20/03/2017,08:13:21,BEELD,OS,A13R,"9,900",9.900,BL,BL,BL
20/03/2017,08:13:22,BEELD,OS,A13R,"10,300",10.300,BL,BL,BL
20/03/2017,08:13:24,BEELD,OS,A13R,"17,100",17.100,*70*,*70*,*70*
20/03/2017,08:13:24,BEELD,OS,A13R,"17,800",17.800,*50*,*50*,*50*
20/03/2017,08:13:38,BEELD,OS,A13R,"12,700",12.700,BL,BL,BL
20/03/2017,08:13:38,BEELD,OS,A13R,"13,235",13.235,BL,BL,BL
20/03/2017,08:13:54,BEELD,OS,A13R,"15,035",15.035,*70*,*70*,*70*
20/03/2017,08:13:54,BEELD,OS,A13R,"15,400",15.400,*50*,*50*,*50*
20/03/2017,08:13:54,BEELD,OS,A13R,"15,810",15.810,50,50,50
20/03/2017,08:13:57,BEELD,OS,A13R,"11,100",11.100,70,70,70
20/03/2017,08:13:57,BEELD,OS,A13R,"9,900",9.900,50,50,50
20/03/2017,08:13:58,BEELD,OS,A13R,"10,300",10.300,50,50,50
20/03/2017,08:14:23,BEELD,OS,A13R,"11,100",11.100,*70*,*70*,*70*
20/03/2017,08:14:24,BEELD,OS,A13R,"10,300",10.300,BL,BL,BL
20/03/2017,08:14:25,BEELD,OS,A13R,"9,900",9.900,BL,BL,BL
20/03/2017,08:14:53,BEELD,OS,A13R,"15,035",15.035,BL,BL,BL
20/03/2017,08:14:53,BEELD,OS,A13R,"15,400",15.400,BL,BL,BL
20/03/2017,08:14:53,BEELD,OS,A13R,"15,810",15.810,BL,BL,BL
20/03/2017,08:15:15,BEELD,OS,A13R,"10,300",10.300,*70*,*70*,*70*
20/03/2017,08:15:15,BEELD,OS,A13R,"11,100",11.100,*50*,*50*,*50*
20/03/2017,08:15:15,BEELD,OS,A13R,"12,000",12.000,50,50,50
20/03/2017,08:15:34,BEELD,OS,A13R,"5,481",5.481,*50*,*50*,*50*
20/03/2017,08:15:34,BEELD,OS,A13R,"5,910",5.910,50,50,BL
20/03/2017,08:15:49,BEELD,OS,A13R,"9,100",9.100,BL,BL,BL
20/03/2017,08:17:04,BEELD,OS,A13R,"14,700",14.700,*70*,*70*,*70*
20/03/2017,08:17:04,BEELD,OS,A13R,"15,035",15.035,*50*,*50*,*50*
20/03/2017,08:17:04,BEELD,OS,A13R,"15,400",15.400,50,50,50
20/03/2017,08:17:07,BEELD,OS,A13R,"12,300",12.300,BL,BL,BL
20/03/2017,08:17:15,BEELD,OS,A13R,"7,200",7.200,50,50,50
20/03/2017,08:17:29,BEELD,OS,A13R,"8,600",8.600,BL,BL,BL
20/03/2017,08:17:57,BEELD,OS,A13R,"16,655",16.655,*70*,*70*,*70*
20/03/2017,08:17:57,BEELD,OS,A13R,"17,100",17.100,*50*,*50*,*50*
20/03/2017,08:17:57,BEELD,OS,A13R,"17,800",17.800,50,50,50
20/03/2017,08:18:04,BEELD,OS,A13R,"14,200",14.200,*70*,*70*,*70*
20/03/2017,08:18:04,BEELD,OS,A13R,"14,700",14.700,*50*,*50*,*50*
20/03/2017,08:18:04,BEELD,OS,A13R,"15,035",15.035,50,50,50
20/03/2017,08:18:33,BEELD,OS,A13R,"16,200",16.200,*70*,*70*,*70*
20/03/2017,08:18:33,BEELD,OS,A13R,"17,100",17.100,50,50,50
20/03/2017,08:18:34,BEELD,OS,A13R,"16,655",16.655,*50*,*50*,*50*
20/03/2017,08:18:47,BEELD,OS,A13R,"5,481",5.481,50,50,50
20/03/2017,08:19:23,BEELD,OS,A13R,"6,400",6.400,50,50,50
20/03/2017,08:19:36,BEELD,OS,A13R,"15,400",15.400,BL,BL,BL
20/03/2017,08:19:36,BEELD,OS,A13R,"17,800",17.800,70,70,70
20/03/2017,08:19:47,BEELD,OS,A13R,"6,400",6.400,70,70,70
20/03/2017,08:19:47,BEELD,OS,A13R,"6,725",6.725,*50*,*50*,*50*
20/03/2017,08:19:52,BEELD,OS,A13R,"13,700",13.700,*70*,*70*,*70*
20/03/2017,08:19:52,BEELD,OS,A13R,"14,200",14.200,*50*,*50*,*50*
20/03/2017,08:19:53,BEELD,OS,A13R,"14,700",14.700,50,50,50
20/03/2017,08:20:03,BEELD,OS,A13R,"6,400",6.400,50,50,50
20/03/2017,08:20:03,BEELD,OS,A13R,"6,725",6.725,50,50,50
20/03/2017,08:20:04,BEELD,OS,A13R,"17,800",17.800,50,50,50
20/03/2017,08:20:14,BEELD,OS,A13R,"15,810",15.810,*70*,*70*,*70*
20/03/2017,08:20:14,BEELD,OS,A13R,"16,200",16.200,*50*,*50*,*50*
20/03/2017,08:20:14,BEELD,OS,A13R,"16,655",16.655,50,50,50
20/03/2017,08:21:00,BEELD,OS,A13R,"6,400",6.400,50,50,50
20/03/2017,08:21:11,BEELD,OS,A13R,"13,700",13.700,BL,BL,BL
20/03/2017,08:21:11,BEELD,OS,A13R,"14,700",14.700,BL,BL,BL
20/03/2017,08:21:11,BEELD,OS,A13R,"15,035",15.035,BL,BL,BL
20/03/2017,08:21:12,BEELD,OS,A13R,"14,200",14.200,BL,BL,BL
20/03/2017,08:21:40,BEELD,OS,A13R,"13,235",13.235,*70*,*70*,*70*
20/03/2017,08:21:40,BEELD,OS,A13R,"13,700",13.700,*50*,*50*,*50*
20/03/2017,08:21:41,BEELD,OS,A13R,"14,200",14.200,50,50,50
20/03/2017,08:21:52,BEELD,OS,A13R,"11,100",11.100,*70*,*70*,*70*
20/03/2017,08:21:53,BEELD,OS,A13R,"10,300",10.300,BL,BL,BL
20/03/2017,08:21:53,BEELD,OS,A13R,"12,000",12.000,*50*,*50*,*50*
20/03/2017,08:21:55,BEELD,OS,A13R,"15,400",15.400,*70*,*70*,*70*
20/03/2017,08:21:55,BEELD,OS,A13R,"17,800",17.800,70,70,70
20/03/2017,08:21:56,BEELD,OS,A13R,"15,810",15.810,*50*,*50*,*50*
20/03/2017,08:21:57,BEELD,OS,A13R,"16,200",16.200,50,50,50
20/03/2017,08:22:07,BEELD,OS,A13R,"17,800",17.800,50,50,50
20/03/2017,08:23:04,BEELD,OS,A13R,"15,035",15.035,*70*,*70*,*70*
20/03/2017,08:23:04,BEELD,OS,A13R,"15,400",15.400,*50*,*50*,*50*
20/03/2017,08:23:04,BEELD,OS,A13R,"15,810",15.810,50,50,50
20/03/2017,08:23:20,BEELD,OS,A13R,"17,800",17.800,*50*,*50*,*50*
20/03/2017,08:23:21,BEELD,OS,A13R,"17,100",17.100,70,70,70
20/03/2017,08:23:23,BEELD,OS,A13R,"15,400",15.400,50,50,50
20/03/2017,08:23:24,BEELD,OS,A13R,"14,700",14.700,70,70,70
20/03/2017,08:23:24,BEELD,OS,A13R,"15,035",15.035,*50*,*50*,*50*
20/03/2017,08:23:35,BEELD,OS,A13R,"10,300",10.300,*70*,*70*,*70*
20/03/2017,08:23:35,BEELD,OS,A13R,"11,100",11.100,*50*,*50*,*50*
20/03/2017,08:23:35,BEELD,OS,A13R,"12,000",12.000,50,50,50
20/03/2017,08:23:40,BEELD,OS,A13R,"13,235",13.235,BL,BL,BL
20/03/2017,08:23:40,BEELD,OS,A13R,"13,700",13.700,BL,BL,BL
20/03/2017,08:23:40,BEELD,OS,A13R,"14,200",14.200,BL,BL,BL
20/03/2017,08:23:41,BEELD,OS,A13R,"14,700",14.700,*70*,*70*,*70*
20/03/2017,08:23:41,BEELD,OS,A13R,"7,200",7.200,BL,BL,BL
20/03/2017,08:24:10,BEELD,OS,A13R,"14,200",14.200,*70*,*70*,*70*
20/03/2017,08:24:10,BEELD,OS,A13R,"14,700",14.700,*50*,*50*,*50*
20/03/2017,08:24:10,BEELD,OS,A13R,"15,035",15.035,50,50,50
20/03/2017,08:25:07,BEELD,OS,A13R,"16,200",16.200,70,70,70
20/03/2017,08:25:07,BEELD,OS,A13R,"16,655",16.655,*50*,*50*,*50*
20/03/2017,08:25:07,BEELD,OS,A13R,"17,100",17.100,50,50,50
20/03/2017,08:25:07,BEELD,OS,A13R,"17,800",17.800,70,70,70
20/03/2017,08:25:15,BEELD,OS,A13R,"10,300",10.300,BL,BL,BL
20/03/2017,08:25:15,BEELD,OS,A13R,"11,100",11.100,*70*,*70*,*70*
20/03/2017,08:25:15,BEELD,OS,A13R,"12,000",12.000,*50*,*50*,*50*
20/03/2017,08:25:33,BEELD,OS,A13R,"11,100",11.100,BL,BL,BL
20/03/2017,08:25:33,BEELD,OS,A13R,"12,000",12.000,BL,BL,BL
20/03/2017,08:25:45,BEELD,OS,A13R,"15,810",15.810,BL,BL,BL
20/03/2017,08:25:46,BEELD,OS,A13R,"16,200",16.200,*70*,*70*,*70*
20/03/2017,08:26:01,BEELD,OS,A13R,"13,700",13.700,*70*,*70*,*70*
20/03/2017,08:26:01,BEELD,OS,A13R,"14,200",14.200,*50*,*50*,*50*
20/03/2017,08:26:01,BEELD,OS,A13R,"14,700",14.700,50,50,50
20/03/2017,08:26:07,BEELD,OS,A13R,"11,100",11.100,*70*,*70*,*70*
20/03/2017,08:26:07,BEELD,OS,A13R,"12,300",12.300,50,50,50
20/03/2017,08:26:08,BEELD,OS,A13R,"12,000",12.000,*50*,*50*,*50*
20/03/2017,08:27:15,BEELD,OS,A13R,"13,235",13.235,*70*,*70*,*70*
20/03/2017,08:27:15,BEELD,OS,A13R,"13,700",13.700,*50*,*50*,*50*
20/03/2017,08:27:15,BEELD,OS,A13R,"14,200",14.200,50,50,50
20/03/2017,08:27:15,BEELD,OS,A13R,"15,400",15.400,BL,BL,BL
20/03/2017,08:27:52,BEELD,OS,A13R,"5,481",5.481,70,70,70
20/03/2017,08:27:53,BEELD,OS,A13R,"5,910",5.910,*50*,*50*,BL
20/03/2017,08:28:36,BEELD,OS,A13R,"17,800",17.800,-80,-80,-80
20/03/2017,08:28:45,BEELD,OS,A13R,"12,700",12.700,70,70,70
20/03/2017,08:28:45,BEELD,OS,A13R,"13,700",13.700,50,50,50
20/03/2017,08:28:46,BEELD,OS,A13R,"13,235",13.235,*50*,*50*,*50*
20/03/2017,08:28:52,BEELD,OS,A13R,"11,100",11.100,*50*,*50*,*50*
20/03/2017,08:28:53,BEELD,OS,A13R,"10,300",10.300,*70*,*70*,*70*
20/03/2017,08:28:54,BEELD,OS,A13R,"12,000",12.000,50,50,50
20/03/2017,08:28:59,BEELD,OS,A13R,"5,481",5.481,*70*,*70*,*70*
20/03/2017,08:29:19,BEELD,OS,A13R,"5,481",5.481,*50*,*50*,*50*
20/03/2017,08:29:20,BEELD,OS,A13R,"5,910",5.910,50,50,BL
20/03/2017,08:29:25,BEELD,OS,A13R,"17,100",17.100,-80,-80,-80
20/03/2017,08:29:33,BEELD,OS,A13R,"6,725",6.725,BL,BL,BL
20/03/2017,08:29:44,BEELD,OS,A13R,"15,035",15.035,BL,BL,BL
20/03/2017,08:30:03,BEELD,OS,A13R,"6,400",6.400,BL,BL,BL
20/03/2017,08:30:19,BEELD,OS,A13R,"5,481",5.481,50,50,50
20/03/2017,08:30:23,BEELD,OS,A13R,"6,400",6.400,50,50,50
20/03/2017,08:30:23,BEELD,OS,A13R,"6,725",6.725,50,50,50
20/03/2017,08:30:32,BEELD,OS,A13R,"17,800",17.800,*70*,*70*,*70*
20/03/2017,08:30:37,BEELD,OS,A13R,"13,235",13.235,50,50,50
20/03/2017,08:30:38,BEELD,OS,A13R,"12,700",12.700,50,50,50
20/03/2017,08:31:18,BEELD,OS,A13R,"5,910",5.910,70,70,BL
20/03/2017,08:31:18,BEELD,OS,A13R,"6,400",6.400,*50*,*50*,*50*
20/03/2017,08:31:19,BEELD,OS,A13R,"14,700",14.700,BL,BL,BL
20/03/2017,08:31:53,BEELD,OS,A13R,"5,910",5.910,50,50,BL
20/03/2017,08:31:53,BEELD,OS,A13R,"6,400",6.400,50,50,50
20/03/2017,08:32:24,BEELD,OS,A13R,"14,200",14.200,BL,BL,BL
20/03/2017,08:32:56,BEELD,OS,A13R,"15,810",15.810,*70*,*70*,*70*
20/03/2017,08:32:56,BEELD,OS,A13R,"16,200",16.200,*50*,*50*,*50*
20/03/2017,08:32:56,BEELD,OS,A13R,"16,655",16.655,50,50,50
20/03/2017,08:33:28,BEELD,OS,A13R,"5,481",5.481,70,70,70
20/03/2017,08:33:29,BEELD,OS,A13R,"5,910",5.910,*50*,*50*,BL
20/03/2017,08:33:32,BEELD,OS,A13R,"6,400",6.400,50,50,50
20/03/2017,08:34:07,BEELD,OS,A13R,"17,100",17.100,70,70,70
20/03/2017,08:34:07,BEELD,OS,A13R,"17,800",17.800,*50*,*50*,*50*
20/03/2017,08:34:44,BEELD,OS,A13R,"13,700",13.700,BL,BL,BL
20/03/2017,08:34:59,BEELD,OS,A13R,"5,481",5.481,*70*,*70*,*70*
20/03/2017,08:35:44,BEELD,OS,A13R,"17,100",17.100,-80,-80,-80
20/03/2017,08:35:44,BEELD,OS,A13R,"17,800",17.800,-80,-80,-80
20/03/2017,08:36:06,BEELD,OS,A13R,"6,400",6.400,50,50,50
20/03/2017,08:36:08,BEELD,OS,A13R,"17,100",17.100,50,50,50
20/03/2017,08:36:11,BEELD,OS,A13R,"13,235",13.235,BL,BL,BL
20/03/2017,08:36:35,BEELD,OS,A13R,"5,481",5.481,50,50,50
20/03/2017,08:36:36,BEELD,OS,A13R,"5,910",5.910,50,50,BL
20/03/2017,08:37:23,BEELD,OS,A13R,"15,810",15.810,BL,BL,BL
20/03/2017,08:37:24,BEELD,OS,A13R,"16,200",16.200,*70*,*70*,*70*
20/03/2017,08:37:24,BEELD,OS,A13R,"16,655",16.655,*50*,*50*,*50*
20/03/2017,08:38:04,BEELD,OS,A13R,"15,810",15.810,*70*,*70*,*70*
20/03/2017,08:38:04,BEELD,OS,A13R,"16,200",16.200,*50*,*50*,*50*
20/03/2017,08:38:04,BEELD,OS,A13R,"16,655",16.655,50,50,50
20/03/2017,08:38:55,BEELD,OS,A13R,"11,100",11.100,50,50,50
20/03/2017,08:38:56,BEELD,OS,A13R,"10,300",10.300,*50*,*50*,*50*
20/03/2017,08:38:56,BEELD,OS,A13R,"9,900",9.900,*70*,*70*,*70*
20/03/2017,08:38:59,BEELD,OS,A13R,"17,100",17.100,-80,-80,-80
20/03/2017,08:39:15,BEELD,OS,A13R,"12,700",12.700,BL,BL,BL
20/03/2017,08:40:49,BEELD,OS,A13R,"10,300",10.300,50,50,50
20/03/2017,08:40:49,BEELD,OS,A13R,"9,100",9.100,*70*,*70*,*70*
20/03/2017,08:40:50,BEELD,OS,A13R,"9,900",9.900,*50*,*50*,*50*
20/03/2017,08:41:11,BEELD,OS,A13R,"15,810",15.810,BL,BL,BL
20/03/2017,08:41:11,BEELD,OS,A13R,"16,200",16.200,*70*,*70*,*70*
20/03/2017,08:41:11,BEELD,OS,A13R,"16,655",16.655,*50*,*50*,*50*
20/03/2017,08:41:27,BEELD,OS,A13R,"12,300",12.300,BL,BL,BL
20/03/2017,08:42:56,BEELD,OS,A13R,"11,100",11.100,70,70,70
20/03/2017,08:42:57,BEELD,OS,A13R,"12,000",12.000,*50*,*50*,*50*
20/03/2017,08:44:01,BEELD,OS,A13R,"8,600",8.600,*70*,*70*,*70*
20/03/2017,08:44:01,BEELD,OS,A13R,"9,100",9.100,*50*,*50*,*50*
20/03/2017,08:44:01,BEELD,OS,A13R,"9,900",9.900,50,50,50
20/03/2017,08:44:35,BEELD,OS,A13R,"17,800",17.800,*70*,*70*,*70*
20/03/2017,08:44:44,BEELD,OS,A13R,"15,810",15.810,*70*,*70*,*70*
20/03/2017,08:44:44,BEELD,OS,A13R,"16,200",16.200,*50*,*50*,*50*
20/03/2017,08:44:44,BEELD,OS,A13R,"16,655",16.655,50,50,50
20/03/2017,08:44:52,BEELD,OS,A13R,"16,655",16.655,-80,-80,-80
20/03/2017,08:45:00,BEELD,OS,A13R,"15,810",15.810,BL,BL,BL
20/03/2017,08:45:00,BEELD,OS,A13R,"16,200",16.200,-80,-80,-80
20/03/2017,08:45:32,BEELD,OS,A13R,"9,100",9.100,50,50,50
20/03/2017,08:45:33,BEELD,OS,A13R,"8,600",8.600,*50*,*50*,*50*
20/03/2017,08:45:52,BEELD,OS,A13R,"17,800",17.800,*50*,*50*,*50*
20/03/2017,08:45:54,BEELD,OS,A13R,"17,100",17.100,*70*,*70*,*70*
20/03/2017,08:45:57,BEELD,OS,A13R,"11,100",11.100,BL,BL,BL
20/03/2017,08:45:57,BEELD,OS,A13R,"12,000",12.000,BL,BL,BL
20/03/2017,08:46:47,BEELD,OS,A13R,"6,400",6.400,50,50,50
20/03/2017,08:46:58,BEELD,OS,A13R,"10,300",10.300,BL,BL,BL
20/03/2017,08:47:03,BEELD,OS,A13R,"16,655",16.655,*50*,*50*,*50*
20/03/2017,08:47:04,BEELD,OS,A13R,"16,200",16.200,*70*,*70*,*70*
20/03/2017,08:47:04,BEELD,OS,A13R,"17,100",17.100,70,70,70
20/03/2017,08:47:34,BEELD,OS,A13R,"9,900",9.900,BL,BL,BL
20/03/2017,08:47:52,BEELD,OS,A13R,"17,800",17.800,*70*,*70*,*70*
20/03/2017,08:47:53,BEELD,OS,A13R,"17,100",17.100,-80,-80,-80
20/03/2017,08:48:12,BEELD,OS,A13R,"17,800",17.800,-80,-80,-80
20/03/2017,08:48:27,BEELD,OS,A13R,"15,810",15.810,*70*,*70*,*70*
20/03/2017,08:48:28,BEELD,OS,A13R,"16,655",16.655,50,50,50
20/03/2017,08:48:29,BEELD,OS,A13R,"16,200",16.200,*50*,*50*,*50*
20/03/2017,08:48:36,BEELD,OS,A13R,"7,200",7.200,50,50,50
20/03/2017,08:49:36,BEELD,OS,A13R,"17,800",17.800,*70*,*70*,*70*
20/03/2017,08:50:07,BEELD,OS,A13R,"5,910",5.910,70,70,BL
20/03/2017,08:50:07,BEELD,OS,A13R,"6,400",6.400,*50*,*50*,*50*
20/03/2017,08:51:04,BEELD,OS,A13R,"9,100",9.100,BL,BL,BL
20/03/2017,08:51:15,BEELD,OS,A13R,"14,700",14.700,*70*,*70*,*70*
20/03/2017,08:51:15,BEELD,OS,A13R,"15,400",15.400,50,50,50
20/03/2017,08:51:16,BEELD,OS,A13R,"15,035",15.035,*50*,*50*,*50*
20/03/2017,08:51:16,BEELD,OS,A13R,"15,810",15.810,70,70,70
20/03/2017,08:51:59,BEELD,OS,A13R,"11,100",11.100,*70*,*70*,*70*
20/03/2017,08:51:59,BEELD,OS,A13R,"12,300",12.300,50,50,50
20/03/2017,08:52:00,BEELD,OS,A13R,"12,000",12.000,*50*,*50*,*50*
20/03/2017,08:52:14,BEELD,OS,A13R,"6,400",6.400,50,50,50
20/03/2017,08:52:15,BEELD,OS,A13R,"5,910",5.910,50,50,BL
20/03/2017,08:52:15,BEELD,OS,A13R,"6,400",6.400,50,50,50
20/03/2017,08:52:29,BEELD,OS,A13R,"17,100",17.100,50,50,50
20/03/2017,08:52:29,BEELD,OS,A13R,"17,800",17.800,70,70,70
20/03/2017,08:52:29,BEELD,OS,A13R,"8,600",8.600,BL,BL,BL
20/03/2017,08:52:31,BEELD,OS,A13R,"16,200",16.200,*70*,*70*,*70*
20/03/2017,08:52:31,BEELD,OS,A13R,"16,655",16.655,*50*,*50*,*50*
20/03/2017,08:52:33,BEELD,OS,A13R,"15,810",15.810,BL,BL,BL
20/03/2017,08:52:48,BEELD,OS,A13R,"14,200",14.200,*70*,*70*,*70*
20/03/2017,08:52:48,BEELD,OS,A13R,"14,700",14.700,*50*,*50*,*50*
20/03/2017,08:52:48,BEELD,OS,A13R,"15,035",15.035,50,50,50
20/03/2017,08:54:43,BEELD,OS,A13R,"11,100",11.100,BL,BL,BL
20/03/2017,08:54:43,BEELD,OS,A13R,"12,300",12.300,BL,BL,BL
20/03/2017,08:54:44,BEELD,OS,A13R,"12,000",12.000,BL,BL,BL
20/03/2017,08:54:59,BEELD,OS,A13R,"15,400",15.400,BL,BL,BL
20/03/2017,08:55:21,BEELD,OS,A13R,"13,700",13.700,*70*,*70*,*70*
20/03/2017,08:55:21,BEELD,OS,A13R,"14,200",14.200,*50*,*50*,*50*
20/03/2017,08:55:21,BEELD,OS,A13R,"14,700",14.700,50,50,50
20/03/2017,08:55:57,BEELD,OS,A13R,"13,235",13.235,*70*,*70*,*70*
20/03/2017,08:55:57,BEELD,OS,A13R,"14,200",14.200,50,50,50
20/03/2017,08:55:58,BEELD,OS,A13R,"13,700",13.700,*50*,*50*,*50*
20/03/2017,08:56:07,BEELD,OS,A13R,"17,100",17.100,-80,-80,-80
20/03/2017,08:56:08,BEELD,OS,A13R,"17,800",17.800,*70*,*70*,*70*
20/03/2017,08:56:41,BEELD,OS,A13R,"15,035",15.035,BL,BL,BL
20/03/2017,08:56:45,BEELD,OS,A13R,"17,800",17.800,-80,-80,-80
20/03/2017,08:57:32,BEELD,OS,A13R,"15,810",15.810,*70*,*70*,*70*
20/03/2017,08:57:32,BEELD,OS,A13R,"16,655",16.655,50,50,50
20/03/2017,08:57:34,BEELD,OS,A13R,"16,200",16.200,*50*,*50*,*50*
20/03/2017,08:57:53,BEELD,OS,A13R,"7,200",7.200,BL,BL,BL
20/03/2017,08:58:21,BEELD,OS,A13R,"16,655",16.655,*50*,*50*,*50*
20/03/2017,08:58:22,BEELD,OS,A13R,"15,810",15.810,BL,BL,BL
20/03/2017,08:58:22,BEELD,OS,A13R,"16,200",16.200,*70*,*70*,*70*
20/03/2017,08:58:28,BEELD,OS,A13R,"14,700",14.700,BL,BL,BL
20/03/2017,08:59:25,BEELD,OS,A13R,"15,035",15.035,*70*,*70*,*70*
20/03/2017,08:59:25,BEELD,OS,A13R,"15,400",15.400,*50*,*50*,*50*
20/03/2017,08:59:25,BEELD,OS,A13R,"16,200",16.200,70,70,70
20/03/2017,08:59:26,BEELD,OS,A13R,"15,810",15.810,50,50,50
20/03/2017,08:59:53,BEELD,OS,A13R,"6,725",6.725,BL,BL,BL
20/03/2017,09:00:27,BEELD,OS,A13R,"13,235",13.235,BL,BL,BL
20/03/2017,09:00:27,BEELD,OS,A13R,"13,700",13.700,BL,BL,BL
20/03/2017,09:00:28,BEELD,OS,A13R,"14,200",14.200,BL,BL,BL
20/03/2017,09:01:07,BEELD,OS,A13R,"6,400",6.400,BL,BL,BL
20/03/2017,09:01:20,BEELD,OS,A13R,"14,700",14.700,*70*,*70*,*70*
20/03/2017,09:01:20,BEELD,OS,A13R,"15,035",15.035,*50*,*50*,*50*
20/03/2017,09:01:20,BEELD,OS,A13R,"15,400",15.400,50,50,50
20/03/2017,09:01:49,BEELD,OS,A13R,"15,810",15.810,BL,BL,BL
20/03/2017,09:01:49,BEELD,OS,A13R,"16,200",16.200,*70*,*70*,*70*
20/03/2017,09:02:45,BEELD,OS,A13R,"14,200",14.200,*70*,*70*,*70*
20/03/2017,09:02:45,BEELD,OS,A13R,"14,700",14.700,*50*,*50*,*50*
20/03/2017,09:02:45,BEELD,OS,A13R,"15,035",15.035,50,50,50
20/03/2017,09:02:59,BEELD,OS,A13R,"5,910",5.910,BL,BL,BL
20/03/2017,09:03:26,BEELD,OS,A13R,"15,400",15.400,BL,BL,BL
20/03/2017,09:04:14,BEELD,OS,A13R,"5,481",5.481,BL,BL,BL
20/03/2017,09:04:37,BEELD,OS,A13R,"13,700",13.700,*50*,*50*,*50*
20/03/2017,09:04:37,BEELD,OS,A13R,"14,700",14.700,50,50,50
20/03/2017,09:04:38,BEELD,OS,A13R,"13,235",13.235,*70*,*70*,*70*
20/03/2017,09:04:38,BEELD,OS,A13R,"14,200",14.200,50,50,50
20/03/2017,09:05:15,BEELD,OS,A13R,"15,035",15.035,BL,BL,BL
20/03/2017,09:05:16,BEELD,OS,A13R,"14,700",14.700,BL,BL,BL
20/03/2017,09:06:19,BEELD,OS,A13R,"13,235",13.235,BL,BL,BL
20/03/2017,09:06:20,BEELD,OS,A13R,"13,700",13.700,BL,BL,BL
20/03/2017,09:06:20,BEELD,OS,A13R,"14,200",14.200,BL,BL,BL
20/03/2017,09:06:27,BEELD,OS,A13R,"16,200",16.200,-80,-80,-80
20/03/2017,09:06:28,BEELD,OS,A13R,"16,655",16.655,-80,-80,-80
20/03/2017,09:07:54,BEELD,OS,A13R,"16,200",16.200,*70*,*70*,*70*
20/03/2017,09:07:54,BEELD,OS,A13R,"16,655",16.655,*50*,*50*,*50*
20/03/2017,09:08:37,BEELD,OS,A13R,"15,810",15.810,*70*,*70*,*70*
20/03/2017,09:08:37,BEELD,OS,A13R,"16,655",16.655,50,50,50
20/03/2017,09:08:38,BEELD,OS,A13R,"16,200",16.200,*50*,*50*,*50*
20/03/2017,09:09:07,BEELD,OS,A13R,"8,600",8.600,*50*,*50*,*50*
20/03/2017,09:10:07,BEELD,OS,A13R,"15,810",15.810,BL,BL,BL
20/03/2017,09:10:07,BEELD,OS,A13R,"16,200",16.200,*70*,*70*,*70*
20/03/2017,09:10:07,BEELD,OS,A13R,"16,655",16.655,*50*,*50*,*50*
20/03/2017,09:10:11,BEELD,OS,A13R,"8,600",8.600,BL,BL,BL
20/03/2017,09:11:48,BEELD,OS,A13R,"15,810",15.810,*70*,*70*,*70*
20/03/2017,09:11:48,BEELD,OS,A13R,"16,200",16.200,*50*,*50*,*50*
20/03/2017,09:11:48,BEELD,OS,A13R,"16,655",16.655,50,50,50
20/03/2017,09:12:25,BEELD,OS,A13R,"15,810",15.810,BL,BL,BL
20/03/2017,09:12:25,BEELD,OS,A13R,"16,200",16.200,*70*,*70*,*70*
20/03/2017,09:12:25,BEELD,OS,A13R,"16,655",16.655,*50*,*50*,*50*
20/03/2017,09:13:35,BEELD,OS,A13R,"6,725",6.725,*70*,*70*,*70*
20/03/2017,09:13:36,BEELD,OS,A13R,"7,200",7.200,*50*,*50*,*50*
20/03/2017,09:14:43,BEELD,OS,A13R,"6,725",6.725,BL,BL,BL
20/03/2017,09:14:44,BEELD,OS,A13R,"7,200",7.200,BL,BL,BL
20/03/2017,09:15:27,BEELD,OS,A13R,"6,400",6.400,*70*,*70*,*70*
20/03/2017,09:15:27,BEELD,OS,A13R,"6,725",6.725,*50*,*50*,*50*
20/03/2017,09:15:27,BEELD,OS,A13R,"7,200",7.200,50,50,50
20/03/2017,09:17:20,BEELD,OS,A13R,"7,200",7.200,BL,BL,BL
20/03/2017,09:17:23,BEELD,OS,A13R,"6,400",6.400,90,90,90
20/03/2017,09:17:23,BEELD,OS,A13R,"6,725",6.725,*70*,*70*,*70*
20/03/2017,09:17:28,BEELD,OS,A13R,"16,200",16.200,-80,-80,-80
20/03/2017,09:17:28,BEELD,OS,A13R,"16,655",16.655,-80,-80,-80
20/03/2017,09:17:39,BEELD,OS,A13R,"6,400",6.400,BL,BL,BL
20/03/2017,09:17:39,BEELD,OS,A13R,"6,725",6.725,BL,BL,BL
20/03/2017,09:18:15,BEELD,OS,A13R,"17,800",17.800,*70*,*70*,*70*
20/03/2017,09:18:40,BEELD,OS,A13R,"17,800",17.800,-80,-80,-80
20/03/2017,10:34:21,BEELD,OS,A13R,"12,700",12.700,90,90,90
20/03/2017,10:34:23,BEELD,OS,A13R,"13,235",13.235,90,90,*PL*
20/03/2017,10:34:23,BEELD,OS,A13R,"13,700",13.700,70,70,X
20/03/2017,10:34:25,BEELD,OS,A13R,"14,200",14.200,70,70,X
20/03/2017,10:34:25,BEELD,OS,A13R,"14,700",14.700,@,@,@
20/03/2017,11:07:34,BEELD,OS,A13R,"14,200",14.200,BL,BL,BL
20/03/2017,11:07:34,BEELD,OS,A13R,"14,700",14.700,BL,BL,BL
20/03/2017,11:07:35,BEELD,OS,A13R,"13,700",13.700,BL,BL,BL
20/03/2017,11:07:36,BEELD,OS,A13R,"13,235",13.235,BL,BL,BL
20/03/2017,11:07:37,BEELD,OS,A13R,"12,700",12.700,BL,BL,BL
20/03/2017,12:01:40,BEELD,OS,A13R,"16,655",16.655,-80,-80,*PL*
20/03/2017,12:01:41,BEELD,OS,A13R,"17,100",17.100,70,70,X
20/03/2017,12:01:42,BEELD,OS,A13R,"17,800",17.800,70,70,X
20/03/2017,12:04:03,BEELD,OS,A13R,"17,800",17.800,-80,-80,-80
20/03/2017,12:04:05,BEELD,OS,A13R,"17,100",17.100,-80,-80,-80
20/03/2017,12:04:07,BEELD,OS,A13R,"16,655",16.655,-80,-80,-80
20/03/2017,15:58:06,BEELD,OS,A13R,"17,800",17.800,*70*,*70*,*70*
20/03/2017,15:59:04,BEELD,OS,A13R,"17,100",17.100,*70*,*70*,*70*
20/03/2017,15:59:04,BEELD,OS,A13R,"17,800",17.800,*50*,*50*,*50*
20/03/2017,16:02:18,BEELD,OS,A13R,"16,200",16.200,*70*,*70*,*70*
20/03/2017,16:02:18,BEELD,OS,A13R,"17,100",17.100,70,70,70
20/03/2017,16:02:19,BEELD,OS,A13R,"16,655",16.655,*50*,*50*,*50*
20/03/2017,16:04:15,BEELD,OS,A13R,"16,200",16.200,-80,-80,-80
20/03/2017,16:04:15,BEELD,OS,A13R,"16,655",16.655,-80,-80,-80
20/03/2017,16:04:15,BEELD,OS,A13R,"17,100",17.100,*70*,*70*,*70*
20/03/2017,16:05:32,BEELD,OS,A13R,"17,100",17.100,-80,-80,-80
20/03/2017,16:05:32,BEELD,OS,A13R,"17,800",17.800,*70*,*70*,*70*
20/03/2017,16:05:48,BEELD,OS,A13R,"17,800",17.800,*50*,*50*,*50*
20/03/2017,16:05:49,BEELD,OS,A13R,"17,100",17.100,*70*,*70*,*70*
20/03/2017,16:05:55,BEELD,OS,A13R,"17,100",17.100,70,70,70
20/03/2017,16:05:56,BEELD,OS,A13R,"16,200",16.200,*70*,*70*,*70*
20/03/2017,16:05:56,BEELD,OS,A13R,"16,655",16.655,*50*,*50*,*50*
20/03/2017,16:07:10,BEELD,OS,A13R,"16,200",16.200,-80,-80,-80
20/03/2017,16:07:10,BEELD,OS,A13R,"16,655",16.655,-80,-80,-80
20/03/2017,16:07:10,BEELD,OS,A13R,"17,100",17.100,*70*,*70*,*70*
20/03/2017,16:07:56,BEELD,OS,A13R,"17,100",17.100,-80,-80,-80
20/03/2017,16:07:56,BEELD,OS,A13R,"17,800",17.800,-80,-80,-80
20/03/2017,16:08:04,BEELD,OS,A13R,"17,800",17.800,*70*,*70*,*70*
20/03/2017,16:09:07,BEELD,OS,A13R,"17,100",17.100,*70*,*70*,*70*
20/03/2017,16:09:08,BEELD,OS,A13R,"17,800",17.800,*50*,*50*,*50*
20/03/2017,16:11:23,BEELD,OS,A13R,"16,200",16.200,*70*,*70*,*70*
20/03/2017,16:11:23,BEELD,OS,A13R,"17,100",17.100,70,70,70
20/03/2017,16:11:24,BEELD,OS,A13R,"16,655",16.655,*50*,*50*,*50*
20/03/2017,16:12:07,BEELD,OS,A13R,"16,200",16.200,*50*,*50*,*50*
20/03/2017,16:12:07,BEELD,OS,A13R,"16,655",16.655,50,50,50
20/03/2017,16:12:08,BEELD,OS,A13R,"15,810",15.810,*70*,*70*,*70*
20/03/2017,16:15:47,BEELD,OS,A13R,"17,100",17.100,50,50,50
20/03/2017,16:15:48,BEELD,OS,A13R,"17,800",17.800,50,50,50
20/03/2017,16:20:32,BEELD,OS,A13R,"15,400",15.400,*70*,*70*,*70*
20/03/2017,16:20:32,BEELD,OS,A13R,"15,810",15.810,*50*,*50*,*50*
20/03/2017,16:20:32,BEELD,OS,A13R,"16,200",16.200,50,50,50
20/03/2017,16:20:51,BEELD,OS,A13R,"15,035",15.035,*50*,*50*,*50*
20/03/2017,16:20:51,BEELD,OS,A13R,"15,400",15.400,50,50,50
20/03/2017,16:20:51,BEELD,OS,A13R,"15,810",15.810,50,50,50
20/03/2017,16:20:52,BEELD,OS,A13R,"14,700",14.700,*70*,*70*,*70*
20/03/2017,16:22:39,BEELD,OS,A13R,"15,035",15.035,BL,BL,BL
20/03/2017,16:22:39,BEELD,OS,A13R,"15,400",15.400,*70*,*70*,*70*
20/03/2017,16:22:41,BEELD,OS,A13R,"14,700",14.700,BL,BL,BL
20/03/2017,16:22:41,BEELD,OS,A13R,"15,810",15.810,*50*,*50*,*50*
20/03/2017,16:23:21,BEELD,OS,A13R,"14,200",14.200,*70*,*70*,*70*
20/03/2017,16:23:21,BEELD,OS,A13R,"14,700",14.700,*50*,*50*,*50*
20/03/2017,16:23:21,BEELD,OS,A13R,"15,400",15.400,70,70,70
20/03/2017,16:23:22,BEELD,OS,A13R,"15,035",15.035,50,50,50
20/03/2017,16:23:27,BEELD,OS,A13R,"15,400",15.400,50,50,50
20/03/2017,16:23:28,BEELD,OS,A13R,"15,810",15.810,50,50,50
20/03/2017,16:24:19,BEELD,OS,A13R,"14,200",14.200,BL,BL,BL
20/03/2017,16:24:19,BEELD,OS,A13R,"15,400",15.400,*50*,*50*,*50*
20/03/2017,16:24:20,BEELD,OS,A13R,"14,700",14.700,BL,BL,BL
20/03/2017,16:24:21,BEELD,OS,A13R,"15,035",15.035,*70*,*70*,*70*
20/03/2017,16:25:53,BEELD,OS,A13R,"17,100",17.100,70,70,70
20/03/2017,16:25:53,BEELD,OS,A13R,"17,800",17.800,*50*,*50*,*50*
20/03/2017,16:26:49,BEELD,OS,A13R,"14,700",14.700,*70*,*70*,*70*
20/03/2017,16:26:49,BEELD,OS,A13R,"15,035",15.035,*50*,*50*,*50*
20/03/2017,16:26:50,BEELD,OS,A13R,"15,400",15.400,50,50,50
20/03/2017,16:26:56,BEELD,OS,A13R,"17,100",17.100,50,50,50
20/03/2017,16:26:56,BEELD,OS,A13R,"17,800",17.800,50,50,50
20/03/2017,16:28:28,BEELD,OS,A13R,"16,200",16.200,*50*,*50*,*50*
20/03/2017,16:28:29,BEELD,OS,A13R,"15,810",15.810,70,70,70
20/03/2017,16:28:41,BEELD,OS,A13R,"15,810",15.810,50,50,50
20/03/2017,16:28:41,BEELD,OS,A13R,"16,200",16.200,50,50,50
20/03/2017,16:28:48,BEELD,OS,A13R,"14,700",14.700,BL,BL,BL
20/03/2017,16:28:48,BEELD,OS,A13R,"15,035",15.035,BL,BL,BL
20/03/2017,16:28:48,BEELD,OS,A13R,"15,400",15.400,*70*,*70*,*70*
20/03/2017,16:28:48,BEELD,OS,A13R,"15,810",15.810,*50*,*50*,*50*
20/03/2017,16:30:49,BEELD,OS,A13R,"15,400",15.400,BL,BL,BL
20/03/2017,16:30:49,BEELD,OS,A13R,"15,810",15.810,*70*,*70*,*70*
20/03/2017,16:30:50,BEELD,OS,A13R,"16,200",16.200,*50*,*50*,*50*
20/03/2017,16:31:07,BEELD,OS,A13R,"15,400",15.400,*50*,*50*,*50*
20/03/2017,16:31:07,BEELD,OS,A13R,"16,200",16.200,50,50,50
20/03/2017,16:31:08,BEELD,OS,A13R,"15,035",15.035,*70*,*70*,*70*
20/03/2017,16:31:08,BEELD,OS,A13R,"15,810",15.810,50,50,50
20/03/2017,16:31:11,BEELD,OS,A13R,"14,700",14.700,*70*,*70*,*70*
20/03/2017,16:31:11,BEELD,OS,A13R,"15,035",15.035,*50*,*50*,*50*
20/03/2017,16:31:11,BEELD,OS,A13R,"15,400",15.400,50,50,50
20/03/2017,16:31:52,BEELD,OS,A13R,"16,200",16.200,70,70,70
20/03/2017,16:31:52,BEELD,OS,A13R,"16,655",16.655,*50*,*50*,*50*
20/03/2017,16:32:24,BEELD,OS,A13R,"15,810",15.810,BL,BL,BL
20/03/2017,16:32:24,BEELD,OS,A13R,"16,200",16.200,*70*,*70*,*70*
20/03/2017,16:33:20,BEELD,OS,A13R,"15,035",15.035,BL,BL,BL
20/03/2017,16:33:20,BEELD,OS,A13R,"15,400",15.400,BL,BL,BL
20/03/2017,16:33:21,BEELD,OS,A13R,"14,700",14.700,BL,BL,BL
20/03/2017,16:33:41,BEELD,OS,A13R,"15,810",15.810,*70*,*70*,*70*
20/03/2017,16:33:41,BEELD,OS,A13R,"16,200",16.200,*50*,*50*,*50*
20/03/2017,16:33:41,BEELD,OS,A13R,"16,655",16.655,50,50,50
20/03/2017,16:34:48,BEELD,OS,A13R,"14,200",14.200,*70*,*70*,*70*
20/03/2017,16:34:48,BEELD,OS,A13R,"15,035",15.035,50,50,50
20/03/2017,16:34:49,BEELD,OS,A13R,"14,700",14.700,*50*,*50*,*50*
20/03/2017,16:36:07,BEELD,OS,A13R,"15,400",15.400,50,50,50
20/03/2017,16:36:08,BEELD,OS,A13R,"15,810",15.810,70,70,70
20/03/2017,16:36:29,BEELD,OS,A13R,"15,810",15.810,BL,BL,BL
20/03/2017,16:36:29,BEELD,OS,A13R,"16,200",16.200,*70*,*70*,*70*
20/03/2017,16:36:29,BEELD,OS,A13R,"16,655",16.655,*50*,*50*,*50*
20/03/2017,16:37:18,BEELD,OS,A13R,"14,200",14.200,BL,BL,BL
20/03/2017,16:37:18,BEELD,OS,A13R,"14,700",14.700,*70*,*70*,*70*
20/03/2017,16:37:18,BEELD,OS,A13R,"15,035",15.035,*50*,*50*,*50*
20/03/2017,16:37:53,BEELD,OS,A13R,"14,700",14.700,BL,BL,BL
20/03/2017,16:37:53,BEELD,OS,A13R,"15,035",15.035,BL,BL,BL
20/03/2017,16:37:54,BEELD,OS,A13R,"15,400",15.400,BL,BL,BL
20/03/2017,16:38:29,BEELD,OS,A13R,"17,800",17.800,70,70,70
20/03/2017,16:38:44,BEELD,OS,A13R,"17,800",17.800,50,50,50
20/03/2017,16:38:47,BEELD,OS,A13R,"15,035",15.035,50,50,50
20/03/2017,16:38:48,BEELD,OS,A13R,"14,200",14.200,*70*,*70*,*70*
20/03/2017,16:38:48,BEELD,OS,A13R,"14,700",14.700,*50*,*50*,*50*
20/03/2017,16:40:00,BEELD,OS,A13R,"14,200",14.200,50,50,50
20/03/2017,16:40:00,BEELD,OS,A13R,"14,700",14.700,50,50,50
20/03/2017,16:40:01,BEELD,OS,A13R,"13,235",13.235,*70*,*70*,*70*
20/03/2017,16:40:01,BEELD,OS,A13R,"13,700",13.700,*50*,*50*,*50*
20/03/2017,16:40:32,BEELD,OS,A13R,"16,200",16.200,*50*,*50*,*50*
20/03/2017,16:40:32,BEELD,OS,A13R,"16,655",16.655,50,50,50
20/03/2017,16:40:33,BEELD,OS,A13R,"15,810",15.810,*70*,*70*,*70*
20/03/2017,16:41:48,BEELD,OS,A13R,"14,700",14.700,BL,BL,BL
20/03/2017,16:41:48,BEELD,OS,A13R,"15,035",15.035,BL,BL,BL
20/03/2017,16:42:00,BEELD,OS,A13R,"15,400",15.400,*70*,*70*,*70*
20/03/2017,16:42:00,BEELD,OS,A13R,"16,200",16.200,50,50,50
20/03/2017,16:42:01,BEELD,OS,A13R,"15,810",15.810,*50*,*50*,*50*
20/03/2017,16:42:32,BEELD,OS,A13R,"13,235",13.235,BL,BL,BL
20/03/2017,16:42:32,BEELD,OS,A13R,"13,700",13.700,BL,BL,BL
20/03/2017,16:42:32,BEELD,OS,A13R,"14,200",14.200,BL,BL,BL
20/03/2017,16:43:11,BEELD,OS,A13R,"15,035",15.035,*70*,*70*,*70*
20/03/2017,16:43:11,BEELD,OS,A13R,"15,400",15.400,*50*,*50*,*50*
20/03/2017,16:43:12,BEELD,OS,A13R,"15,810",15.810,50,50,50
20/03/2017,16:44:11,BEELD,OS,A13R,"14,200",14.200,*70*,*70*,*70*
20/03/2017,16:44:11,BEELD,OS,A13R,"14,700",14.700,*50*,*50*,*50*
20/03/2017,16:44:11,BEELD,OS,A13R,"15,035",15.035,50,50,50
20/03/2017,16:44:11,BEELD,OS,A13R,"15,400",15.400,50,50,50
20/03/2017,16:44:28,BEELD,OS,A13R,"13,700",13.700,*70*,*70*,*70*
20/03/2017,16:44:28,BEELD,OS,A13R,"14,700",14.700,50,50,50
20/03/2017,16:44:29,BEELD,OS,A13R,"14,200",14.200,*50*,*50*,*50*
20/03/2017,16:45:24,BEELD,OS,A13R,"17,800",17.800,70,70,70
20/03/2017,16:46:32,BEELD,OS,A13R,"16,200",16.200,70,70,70
20/03/2017,16:46:32,BEELD,OS,A13R,"16,655",16.655,*50*,*50*,*50*
20/03/2017,16:46:48,BEELD,OS,A13R,"17,800",17.800,50,50,50
20/03/2017,16:46:56,BEELD,OS,A13R,"13,235",13.235,*70*,*70*,*70*
20/03/2017,16:46:56,BEELD,OS,A13R,"13,700",13.700,*50*,*50*,*50*
20/03/2017,16:46:56,BEELD,OS,A13R,"14,200",14.200,50,50,50
20/03/2017,16:47:20,BEELD,OS,A13R,"17,100",17.100,70,70,70
20/03/2017,16:47:20,BEELD,OS,A13R,"17,800",17.800,*50*,*50*,*50*
20/03/2017,16:47:42,BEELD,OS,A13R,"15,810",15.810,BL,BL,BL
20/03/2017,16:47:42,BEELD,OS,A13R,"16,200",16.200,*70*,*70*,*70*
20/03/2017,16:49:32,BEELD,OS,A13R,"13,235",13.235,*50*,*50*,*50*
20/03/2017,16:49:33,BEELD,OS,A13R,"12,700",12.700,*70*,*70*,*70*
20/03/2017,16:49:33,BEELD,OS,A13R,"13,700",13.700,50,50,50
20/03/2017,16:51:07,BEELD,OS,A13R,"15,400",15.400,BL,BL,BL
20/03/2017,16:51:19,BEELD,OS,A13R,"15,035",15.035,BL,BL,BL
20/03/2017,16:51:28,BEELD,OS,A13R,"14,700",14.700,BL,BL,BL
20/03/2017,16:51:28,BEELD,OS,A13R,"17,100",17.100,50,50,50
20/03/2017,16:51:28,BEELD,OS,A13R,"17,800",17.800,50,50,50
20/03/2017,16:52:11,BEELD,OS,A13R,"12,300",12.300,*70*,*70*,*70*
20/03/2017,16:52:11,BEELD,OS,A13R,"12,700",12.700,*50*,*50*,*50*
20/03/2017,16:52:11,BEELD,OS,A13R,"13,235",13.235,50,50,50
20/03/2017,16:53:15,BEELD,OS,A13R,"14,200",14.200,BL,BL,BL
20/03/2017,16:53:19,BEELD,OS,A13R,"15,810",15.810,*70*,*70*,*70*
20/03/2017,16:53:19,BEELD,OS,A13R,"16,200",16.200,*50*,*50*,*50*
20/03/2017,16:53:19,BEELD,OS,A13R,"16,655",16.655,50,50,50
20/03/2017,16:54:07,BEELD,OS,A13R,"17,800",17.800,-80,-80,-80
20/03/2017,16:54:08,BEELD,OS,A13R,"13,700",13.700,BL,BL,BL
20/03/2017,16:54:19,BEELD,OS,A13R,"12,000",12.000,*70*,*70*,*70*
20/03/2017,16:54:19,BEELD,OS,A13R,"12,300",12.300,*50*,*50*,*50*
20/03/2017,16:54:19,BEELD,OS,A13R,"12,700",12.700,50,50,50
20/03/2017,16:54:48,BEELD,OS,A13R,"17,800",17.800,70,70,70
20/03/2017,16:55:51,BEELD,OS,A13R,"11,100",11.100,*70*,*70*,*70*
20/03/2017,16:55:51,BEELD,OS,A13R,"12,300",12.300,50,50,50
20/03/2017,16:55:52,BEELD,OS,A13R,"12,000",12.000,*50*,*50*,*50*
20/03/2017,16:56:11,BEELD,OS,A13R,"13,235",13.235,BL,BL,BL
20/03/2017,16:56:14,BEELD,OS,A13R,"15,400",15.400,*70*,*70*,*70*
20/03/2017,16:56:14,BEELD,OS,A13R,"15,810",15.810,*50*,*50*,*50*
20/03/2017,16:56:15,BEELD,OS,A13R,"16,200",16.200,50,50,50
20/03/2017,16:57:01,BEELD,OS,A13R,"12,700",12.700,BL,BL,BL
20/03/2017,16:57:29,BEELD,OS,A13R,"15,400",15.400,*50*,*50*,*50*
20/03/2017,16:57:30,BEELD,OS,A13R,"15,035",15.035,*70*,*70*,*70*
20/03/2017,16:57:30,BEELD,OS,A13R,"15,810",15.810,50,50,50
20/03/2017,16:57:36,BEELD,OS,A13R,"14,700",14.700,*70*,*70*,*70*
20/03/2017,16:57:36,BEELD,OS,A13R,"15,035",15.035,*50*,*50*,*50*
20/03/2017,16:57:37,BEELD,OS,A13R,"15,400",15.400,50,50,50
20/03/2017,16:57:56,BEELD,OS,A13R,"17,800",17.800,50,50,50
20/03/2017,16:58:03,BEELD,OS,A13R,"12,300",12.300,BL,BL,BL
20/03/2017,16:58:57,BEELD,OS,A13R,"14,200",14.200,*70*,*70*,*70*
20/03/2017,16:58:57,BEELD,OS,A13R,"14,700",14.700,*50*,*50*,*50*
20/03/2017,16:58:57,BEELD,OS,A13R,"15,035",15.035,50,50,50
20/03/2017,16:59:06,BEELD,OS,A13R,"11,100",11.100,BL,BL,BL
20/03/2017,16:59:07,BEELD,OS,A13R,"12,000",12.000,BL,BL,BL
20/03/2017,16:59:28,BEELD,OS,A13R,"17,100",17.100,70,70,70
20/03/2017,16:59:28,BEELD,OS,A13R,"17,800",17.800,*50*,*50*,*50*
20/03/2017,17:00:44,BEELD,OS,A13R,"14,200",14.200,*50*,*50*,*50*
20/03/2017,17:00:45,BEELD,OS,A13R,"13,700",13.700,*70*,*70*,*70*
20/03/2017,17:00:45,BEELD,OS,A13R,"14,700",14.700,50,50,50
20/03/2017,17:00:56,BEELD,OS,A13R,"16,200",16.200,70,70,70
20/03/2017,17:00:56,BEELD,OS,A13R,"16,655",16.655,*50*,*50*,*50*
20/03/2017,17:01:27,BEELD,OS,A13R,"16,200",16.200,*70*,*70*,*70*
20/03/2017,17:01:28,BEELD,OS,A13R,"15,810",15.810,BL,BL,BL
20/03/2017,17:02:25,BEELD,OS,A13R,"15,810",15.810,70,70,70
20/03/2017,17:02:26,BEELD,OS,A13R,"16,200",16.200,*50*,*50*,*50*
20/03/2017,17:02:26,BEELD,OS,A13R,"16,655",16.655,50,50,50
20/03/2017,17:02:49,BEELD,OS,A13R,"15,810",15.810,BL,BL,BL
20/03/2017,17:02:49,BEELD,OS,A13R,"16,200",16.200,*70*,*70*,*70*
20/03/2017,17:02:49,BEELD,OS,A13R,"16,655",16.655,*50*,*50*,*50*
20/03/2017,17:03:53,BEELD,OS,A13R,"17,800",17.800,50,50,50
20/03/2017,17:03:54,BEELD,OS,A13R,"17,100",17.100,50,50,50
20/03/2017,17:04:48,BEELD,OS,A13R,"15,400",15.400,BL,BL,BL
20/03/2017,17:06:28,BEELD,OS,A13R,"15,035",15.035,BL,BL,BL
20/03/2017,17:07:20,BEELD,OS,A13R,"14,700",14.700,BL,BL,BL
20/03/2017,17:07:21,BEELD,OS,A13R,"13,700",13.700,BL,BL,BL
20/03/2017,17:07:21,BEELD,OS,A13R,"14,200",14.200,BL,BL,BL
20/03/2017,17:09:07,BEELD,OS,A13R,"15,400",15.400,50,50,50
20/03/2017,17:09:08,BEELD,OS,A13R,"14,700",14.700,*70*,*70*,*70*
20/03/2017,17:09:08,BEELD,OS,A13R,"15,035",15.035,*50*,*50*,*50*
20/03/2017,17:09:18,BEELD,OS,A13R,"15,810",15.810,50,50,50
20/03/2017,17:09:18,BEELD,OS,A13R,"16,200",16.200,70,70,70
20/03/2017,17:10:24,BEELD,OS,A13R,"16,200",16.200,50,50,50
20/03/2017,17:10:24,BEELD,OS,A13R,"16,655",16.655,50,50,50
20/03/2017,17:11:07,BEELD,OS,A13R,"16,200",16.200,*50*,*50*,*50*
20/03/2017,17:11:08,BEELD,OS,A13R,"15,810",15.810,70,70,70
20/03/2017,17:11:51,BEELD,OS,A13R,"15,810",15.810,50,50,50
20/03/2017,17:11:51,BEELD,OS,A13R,"16,200",16.200,50,50,50
20/03/2017,17:12:28,BEELD,OS,A13R,"14,200",14.200,*70*,*70*,*70*
20/03/2017,17:12:28,BEELD,OS,A13R,"14,700",14.700,*50*,*50*,*50*
20/03/2017,17:12:29,BEELD,OS,A13R,"15,035",15.035,50,50,50
20/03/2017,17:13:06,BEELD,OS,A13R,"15,400",15.400,70,70,70
20/03/2017,17:13:07,BEELD,OS,A13R,"15,810",15.810,*50*,*50*,*50*
20/03/2017,17:13:10,BEELD,OS,A13R,"17,800",17.800,70,70,70
20/03/2017,17:13:36,BEELD,OS,A13R,"15,400",15.400,50,50,50
20/03/2017,17:13:37,BEELD,OS,A13R,"15,810",15.810,50,50,50
20/03/2017,17:14:15,BEELD,OS,A13R,"17,800",17.800,-80,-80,-80
20/03/2017,17:14:21,BEELD,OS,A13R,"13,700",13.700,*70*,*70*,*70*
20/03/2017,17:14:21,BEELD,OS,A13R,"14,200",14.200,*50*,*50*,*50*
20/03/2017,17:14:21,BEELD,OS,A13R,"14,700",14.700,50,50,50
20/03/2017,17:16:27,BEELD,OS,A13R,"13,700",13.700,*50*,*50*,*50*
20/03/2017,17:16:27,BEELD,OS,A13R,"14,200",14.200,50,50,50
20/03/2017,17:16:28,BEELD,OS,A13R,"13,235",13.235,*70*,*70*,*70*
20/03/2017,17:16:53,BEELD,OS,A13R,"17,800",17.800,70,70,70
20/03/2017,17:16:59,BEELD,OS,A13R,"17,100",17.100,-80,-80,-80
20/03/2017,17:16:59,BEELD,OS,A13R,"17,800",17.800,*70*,*70*,*70*
20/03/2017,17:18:11,BEELD,OS,A13R,"15,400",15.400,70,70,70
20/03/2017,17:18:11,BEELD,OS,A13R,"15,810",15.810,*50*,*50*,*50*
20/03/2017,17:18:23,BEELD,OS,A13R,"17,100",17.100,70,70,70
20/03/2017,17:18:23,BEELD,OS,A13R,"17,800",17.800,*50*,*50*,*50*
20/03/2017,17:19:43,BEELD,OS,A13R,"15,400",15.400,*70*,*70*,*70*
20/03/2017,17:19:44,BEELD,OS,A13R,"15,035",15.035,BL,BL,BL
20/03/2017,17:20:04,BEELD,OS,A13R,"10,300",10.300,*70*,*70*,*70*
20/03/2017,17:20:04,BEELD,OS,A13R,"9,900",9.900,90,90,90
20/03/2017,17:20:19,BEELD,OS,A13R,"17,100",17.100,-80,-80,-80
20/03/2017,17:20:19,BEELD,OS,A13R,"17,800",17.800,*70*,*70*,*70*
20/03/2017,17:20:28,BEELD,OS,A13R,"15,400",15.400,BL,BL,BL
20/03/2017,17:20:28,BEELD,OS,A13R,"15,810",15.810,*70*,*70*,*70*
20/03/2017,17:20:28,BEELD,OS,A13R,"16,200",16.200,*50*,*50*,*50*
20/03/2017,17:20:32,BEELD,OS,A13R,"14,700",14.700,BL,BL,BL
20/03/2017,17:20:32,BEELD,OS,A13R,"15,810",15.810,70,70,70
20/03/2017,17:20:33,BEELD,OS,A13R,"15,035",15.035,*70*,*70*,*70*
20/03/2017,17:20:33,BEELD,OS,A13R,"15,400",15.400,*50*,*50*,*50*
20/03/2017,17:20:36,BEELD,OS,A13R,"15,810",15.810,50,50,50
20/03/2017,17:20:36,BEELD,OS,A13R,"16,200",16.200,50,50,50
20/03/2017,17:20:44,BEELD,OS,A13R,"14,700",14.700,70,70,70
20/03/2017,17:20:44,BEELD,OS,A13R,"15,400",15.400,50,50,50
20/03/2017,17:20:45,BEELD,OS,A13R,"15,035",15.035,*50*,*50*,*50*
20/03/2017,17:20:51,BEELD,OS,A13R,"12,700",12.700,*70*,*70*,*70*
20/03/2017,17:20:51,BEELD,OS,A13R,"13,235",13.235,*50*,*50*,*50*
20/03/2017,17:20:51,BEELD,OS,A13R,"13,700",13.700,50,50,50
20/03/2017,17:20:51,BEELD,OS,A13R,"17,100",17.100,70,70,70
20/03/2017,17:20:51,BEELD,OS,A13R,"17,800",17.800,*50*,*50*,*50*
20/03/2017,17:21:23,BEELD,OS,A13R,"17,100",17.100,-80,-80,-80
20/03/2017,17:21:24,BEELD,OS,A13R,"17,800",17.800,*70*,*70*,*70*
20/03/2017,17:21:55,BEELD,OS,A13R,"17,100",17.100,70,70,70
20/03/2017,17:21:56,BEELD,OS,A13R,"17,800",17.800,*50*,*50*,*50*
20/03/2017,17:22:01,BEELD,OS,A13R,"15,810",15.810,70,70,70
20/03/2017,17:22:01,BEELD,OS,A13R,"16,200",16.200,*50*,*50*,*50*
20/03/2017,17:22:24,BEELD,OS,A13R,"15,035",15.035,50,50,50
20/03/2017,17:22:25,BEELD,OS,A13R,"14,700",14.700,50,50,50
20/03/2017,17:22:29,BEELD,OS,A13R,"10,300",10.300,BL,BL,BL
20/03/2017,17:22:30,BEELD,OS,A13R,"9,900",9.900,BL,BL,BL
20/03/2017,17:22:32,BEELD,OS,A13R,"14,200",14.200,70,70,70
20/03/2017,17:22:33,BEELD,OS,A13R,"14,700",14.700,*50*,*50*,*50*
20/03/2017,17:22:56,BEELD,OS,A13R,"14,200",14.200,50,50,50
20/03/2017,17:22:56,BEELD,OS,A13R,"14,700",14.700,50,50,50
20/03/2017,17:22:59,BEELD,OS,A13R,"12,300",12.300,*70*,*70*,*70*
20/03/2017,17:22:59,BEELD,OS,A13R,"13,235",13.235,50,50,50
20/03/2017,17:23:00,BEELD,OS,A13R,"12,700",12.700,*50*,*50*,*50*
20/03/2017,17:24:11,BEELD,OS,A13R,"13,700",13.700,70,70,70
20/03/2017,17:24:11,BEELD,OS,A13R,"14,200",14.200,*50*,*50*,*50*
20/03/2017,17:24:49,BEELD,OS,A13R,"12,000",12.000,*70*,*70*,*70*
20/03/2017,17:24:49,BEELD,OS,A13R,"12,300",12.300,*50*,*50*,*50*
20/03/2017,17:24:49,BEELD,OS,A13R,"12,700",12.700,50,50,50
20/03/2017,17:24:51,BEELD,OS,A13R,"17,100",17.100,50,50,50
20/03/2017,17:24:53,BEELD,OS,A13R,"17,800",17.800,50,50,50
20/03/2017,17:24:59,BEELD,OS,A13R,"15,400",15.400,BL,BL,BL
20/03/2017,17:24:59,BEELD,OS,A13R,"16,200",16.200,*70*,*70*,*70*
20/03/2017,17:25:00,BEELD,OS,A13R,"15,810",15.810,BL,BL,BL
20/03/2017,17:25:01,BEELD,OS,A13R,"16,655",16.655,*50*,*50*,*50*
20/03/2017,17:25:28,BEELD,OS,A13R,"17,100",17.100,70,70,70
20/03/2017,17:25:28,BEELD,OS,A13R,"17,800",17.800,*50*,*50*,*50*
20/03/2017,17:25:32,BEELD,OS,A13R,"13,700",13.700,50,50,50
20/03/2017,17:25:32,BEELD,OS,A13R,"14,200",14.200,50,50,50
20/03/2017,17:25:40,BEELD,OS,A13R,"17,100",17.100,50,50,50
20/03/2017,17:25:40,BEELD,OS,A13R,"17,800",17.800,50,50,50
20/03/2017,17:26:04,BEELD,OS,A13R,"13,235",13.235,70,70,70
20/03/2017,17:26:04,BEELD,OS,A13R,"13,700",13.700,*50*,*50*,*50*
20/03/2017,17:26:15,BEELD,OS,A13R,"17,800",17.800,-80,-80,-80
20/03/2017,17:26:36,BEELD,OS,A13R,"11,100",11.100,*70*,*70*,*70*
20/03/2017,17:26:36,BEELD,OS,A13R,"12,300",12.300,50,50,50
20/03/2017,17:26:38,BEELD,OS,A13R,"12,000",12.000,*50*,*50*,*50*
20/03/2017,17:26:48,BEELD,OS,A13R,"13,235",13.235,*70*,*70*,*70*
20/03/2017,17:26:49,BEELD,OS,A13R,"12,700",12.700,BL,BL,BL
20/03/2017,17:27:47,BEELD,OS,A13R,"13,700",13.700,50,50,50
20/03/2017,17:27:47,BEELD,OS,A13R,"15,400",15.400,50,50,50
20/03/2017,17:27:48,BEELD,OS,A13R,"12,700",12.700,70,70,70
20/03/2017,17:27:48,BEELD,OS,A13R,"13,235",13.235,*50*,*50*,*50*
20/03/2017,17:27:55,BEELD,OS,A13R,"16,200",16.200,*50*,*50*,*50*
20/03/2017,17:27:57,BEELD,OS,A13R,"15,810",15.810,70,70,70
20/03/2017,17:27:57,BEELD,OS,A13R,"16,655",16.655,50,50,50
20/03/2017,17:28:29,BEELD,OS,A13R,"17,100",17.100,-80,-80,-80
20/03/2017,17:28:37,BEELD,OS,A13R,"14,200",14.200,70,70,70
20/03/2017,17:28:37,BEELD,OS,A13R,"14,700",14.700,*50*,*50*,*50*
20/03/2017,17:29:43,BEELD,OS,A13R,"15,400",15.400,BL,BL,BL
20/03/2017,17:29:44,BEELD,OS,A13R,"15,810",15.810,*70*,*70*,*70*
20/03/2017,17:29:45,BEELD,OS,A13R,"12,700",12.700,BL,BL,BL
20/03/2017,17:29:45,BEELD,OS,A13R,"13,235",13.235,BL,BL,BL
20/03/2017,17:29:45,BEELD,OS,A13R,"13,700",13.700,BL,BL,BL
20/03/2017,17:29:45,BEELD,OS,A13R,"14,200",14.200,*70*,*70*,*70*
20/03/2017,17:30:19,BEELD,OS,A13R,"11,100",11.100,BL,BL,BL
20/03/2017,17:30:19,BEELD,OS,A13R,"12,000",12.000,BL,BL,BL
20/03/2017,17:30:19,BEELD,OS,A13R,"12,300",12.300,BL,BL,BL
20/03/2017,17:31:15,BEELD,OS,A13R,"15,400",15.400,70,70,70
20/03/2017,17:31:15,BEELD,OS,A13R,"16,200",16.200,50,50,50
20/03/2017,17:31:16,BEELD,OS,A13R,"15,810",15.810,*50*,*50*,*50*
20/03/2017,17:31:36,BEELD,OS,A13R,"13,235",13.235,*70*,*70*,*70*
20/03/2017,17:31:36,BEELD,OS,A13R,"14,200",14.200,50,50,50
20/03/2017,17:31:36,BEELD,OS,A13R,"14,700",14.700,50,50,50
20/03/2017,17:31:37,BEELD,OS,A13R,"13,700",13.700,*50*,*50*,*50*
20/03/2017,17:32:11,BEELD,OS,A13R,"15,400",15.400,BL,BL,BL
20/03/2017,17:32:11,BEELD,OS,A13R,"15,810",15.810,*70*,*70*,*70*
20/03/2017,17:32:11,BEELD,OS,A13R,"16,200",16.200,*50*,*50*,*50*
20/03/2017,17:33:55,BEELD,OS,A13R,"15,400",15.400,50,50,50
20/03/2017,17:33:55,BEELD,OS,A13R,"15,810",15.810,70,70,70
20/03/2017,17:34:15,BEELD,OS,A13R,"15,810",15.810,50,50,50
20/03/2017,17:34:15,BEELD,OS,A13R,"16,200",16.200,50,50,50
20/03/2017,17:34:40,BEELD,OS,A13R,"15,810",15.810,70,70,70
20/03/2017,17:34:40,BEELD,OS,A13R,"16,200",16.200,*50*,*50*,*50*
20/03/2017,17:35:18,BEELD,OS,A13R,"16,200",16.200,50,50,50
20/03/2017,17:35:19,BEELD,OS,A13R,"15,810",15.810,50,50,50
20/03/2017,17:35:56,BEELD,OS,A13R,"12,700",12.700,*70*,*70*,*70*
20/03/2017,17:35:56,BEELD,OS,A13R,"13,235",13.235,*50*,*50*,*50*
20/03/2017,17:35:56,BEELD,OS,A13R,"13,700",13.700,50,50,50
20/03/2017,17:36:03,BEELD,OS,A13R,"16,200",16.200,*50*,*50*,*50*
20/03/2017,17:36:04,BEELD,OS,A13R,"15,810",15.810,70,70,70
20/03/2017,17:36:06,BEELD,OS,A13R,"15,400",15.400,BL,BL,BL
20/03/2017,17:36:06,BEELD,OS,A13R,"15,810",15.810,*70*,*70*,*70*
20/03/2017,17:38:52,BEELD,OS,A13R,"16,200",16.200,*70*,*70*,*70*
20/03/2017,17:38:52,BEELD,OS,A13R,"16,655",16.655,*50*,*50*,*50*
20/03/2017,17:38:53,BEELD,OS,A13R,"15,810",15.810,BL,BL,BL
20/03/2017,17:39:59,BEELD,OS,A13R,"15,035",15.035,BL,BL,BL
20/03/2017,17:40:41,BEELD,OS,A13R,"15,810",15.810,*70*,*70*,*70*
20/03/2017,17:40:41,BEELD,OS,A13R,"16,200",16.200,*50*,*50*,*50*
20/03/2017,17:40:42,BEELD,OS,A13R,"16,655",16.655,50,50,50
20/03/2017,17:40:44,BEELD,OS,A13R,"14,700",14.700,BL,BL,BL
20/03/2017,17:41:11,BEELD,OS,A13R,"12,300",12.300,*70*,*70*,*70*
20/03/2017,17:41:11,BEELD,OS,A13R,"12,700",12.700,*50*,*50*,*50*
20/03/2017,17:41:12,BEELD,OS,A13R,"13,235",13.235,50,50,50
20/03/2017,17:42:35,BEELD,OS,A13R,"12,300",12.300,*50*,*50*,*50*
20/03/2017,17:42:35,BEELD,OS,A13R,"12,700",12.700,50,50,50
20/03/2017,17:42:36,BEELD,OS,A13R,"12,000",12.000,*70*,*70*,*70*
20/03/2017,17:42:51,BEELD,OS,A13R,"11,100",11.100,*70*,*70*,*70*
20/03/2017,17:42:51,BEELD,OS,A13R,"12,000",12.000,*50*,*50*,*50*
20/03/2017,17:42:52,BEELD,OS,A13R,"12,300",12.300,50,50,50
20/03/2017,17:43:36,BEELD,OS,A13R,"14,200",14.200,BL,BL,BL
20/03/2017,17:43:37,BEELD,OS,A13R,"13,700",13.700,BL,BL,BL
20/03/2017,17:43:41,BEELD,OS,A13R,"13,235",13.235,BL,BL,BL
20/03/2017,17:45:24,BEELD,OS,A13R,"14,700",14.700,*70*,*70*,*70*
20/03/2017,17:45:24,BEELD,OS,A13R,"15,035",15.035,*50*,*50*,*50*
20/03/2017,17:45:24,BEELD,OS,A13R,"15,400",15.400,50,50,50
20/03/2017,17:45:25,BEELD,OS,A13R,"15,810",15.810,70,70,70
20/03/2017,17:45:59,BEELD,OS,A13R,"12,700",12.700,BL,BL,BL
20/03/2017,17:46:11,BEELD,OS,A13R,"16,200",16.200,*70*,*70*,*70*
20/03/2017,17:46:11,BEELD,OS,A13R,"16,655",16.655,*50*,*50*,*50*
20/03/2017,17:46:12,BEELD,OS,A13R,"15,810",15.810,BL,BL,BL
20/03/2017,17:46:25,BEELD,OS,A13R,"15,810",15.810,70,70,70
20/03/2017,17:46:25,BEELD,OS,A13R,"16,200",16.200,*50*,*50*,*50*
20/03/2017,17:46:25,BEELD,OS,A13R,"16,655",16.655,50,50,50
20/03/2017,17:46:59,BEELD,OS,A13R,"10,300",10.300,*70*,*70*,*70*
20/03/2017,17:46:59,BEELD,OS,A13R,"11,100",11.100,*50*,*50*,*50*
20/03/2017,17:46:59,BEELD,OS,A13R,"12,000",12.000,50,50,50
20/03/2017,17:46:59,BEELD,OS,A13R,"14,700",14.700,BL,BL,BL
20/03/2017,17:46:59,BEELD,OS,A13R,"15,035",15.035,BL,BL,BL
20/03/2017,17:46:59,BEELD,OS,A13R,"15,400",15.400,BL,BL,BL
20/03/2017,17:46:59,BEELD,OS,A13R,"15,810",15.810,*70*,*70*,*70*
20/03/2017,17:47:23,BEELD,OS,A13R,"12,300",12.300,BL,BL,BL
20/03/2017,17:48:01,BEELD,OS,A13R,"12,000",12.000,BL,BL,BL
20/03/2017,17:48:06,BEELD,OS,A13R,"14,700",14.700,*70*,*70*,*70*
20/03/2017,17:48:06,BEELD,OS,A13R,"15,035",15.035,*50*,*50*,*50*
20/03/2017,17:48:06,BEELD,OS,A13R,"15,400",15.400,50,50,50
20/03/2017,17:48:06,BEELD,OS,A13R,"15,810",15.810,70,70,70
20/03/2017,17:48:51,BEELD,OS,A13R,"11,100",11.100,BL,BL,BL
20/03/2017,17:48:52,BEELD,OS,A13R,"10,300",10.300,BL,BL,BL
20/03/2017,17:48:52,BEELD,OS,A13R,"15,810",15.810,BL,BL,BL
20/03/2017,17:48:52,BEELD,OS,A13R,"16,200",16.200,*70*,*70*,*70*
20/03/2017,17:48:52,BEELD,OS,A13R,"16,655",16.655,*50*,*50*,*50*
20/03/2017,17:49:07,BEELD,OS,A13R,"10,300",10.300,*70*,*70*,*70*
20/03/2017,17:49:07,BEELD,OS,A13R,"11,100",11.100,*50*,*50*,*50*
20/03/2017,17:49:31,BEELD,OS,A13R,"14,200",14.200,*70*,*70*,*70*
20/03/2017,17:49:32,BEELD,OS,A13R,"14,700",14.700,*50*,*50*,*50*
20/03/2017,17:49:32,BEELD,OS,A13R,"15,035",15.035,50,50,50
20/03/2017,17:49:37,BEELD,OS,A13R,"15,400",15.400,BL,BL,BL
20/03/2017,17:50:21,BEELD,OS,A13R,"10,300",10.300,BL,BL,BL
20/03/2017,17:50:21,BEELD,OS,A13R,"11,100",11.100,BL,BL,BL
20/03/2017,17:50:23,BEELD,OS,A13R,"16,200",16.200,-80,-80,-80
20/03/2017,17:50:24,BEELD,OS,A13R,"16,655",16.655,-80,-80,-80
20/03/2017,17:50:43,BEELD,OS,A13R,"14,200",14.200,*50*,*50*,*50*
20/03/2017,17:50:44,BEELD,OS,A13R,"13,700",13.700,*70*,*70*,*70*
20/03/2017,17:50:44,BEELD,OS,A13R,"14,700",14.700,50,50,50
20/03/2017,17:52:37,BEELD,OS,A13R,"13,700",13.700,BL,BL,BL
20/03/2017,17:52:37,BEELD,OS,A13R,"14,200",14.200,*70*,*70*,*70*
20/03/2017,17:52:37,BEELD,OS,A13R,"14,700",14.700,*50*,*50*,*50*
20/03/2017,17:52:44,BEELD,OS,A13R,"13,235",13.235,*70*,*70*,*70*
20/03/2017,17:52:44,BEELD,OS,A13R,"13,700",13.700,*50*,*50*,*50*
20/03/2017,17:52:44,BEELD,OS,A13R,"14,700",14.700,50,50,50
20/03/2017,17:52:45,BEELD,OS,A13R,"14,200",14.200,50,50,50
20/03/2017,17:53:51,BEELD,OS,A13R,"15,035",15.035,BL,BL,BL
20/03/2017,17:53:52,BEELD,OS,A13R,"14,700",14.700,BL,BL,BL
20/03/2017,17:54:45,BEELD,OS,A13R,"12,700",12.700,*70*,*70*,*70*
20/03/2017,17:54:45,BEELD,OS,A13R,"13,235",13.235,*50*,*50*,*50*
20/03/2017,17:54:45,BEELD,OS,A13R,"13,700",13.700,50,50,50
20/03/2017,17:54:59,BEELD,OS,A13R,"12,000",12.000,*70*,*70*,*70*
20/03/2017,17:54:59,BEELD,OS,A13R,"12,300",12.300,*50*,*50*,*50*
20/03/2017,17:55:01,BEELD,OS,A13R,"12,700",12.700,50,50,50
20/03/2017,17:55:01,BEELD,OS,A13R,"12,700",12.700,70,70,70
20/03/2017,17:55:01,BEELD,OS,A13R,"13,235",13.235,50,50,50
20/03/2017,17:55:11,BEELD,OS,A13R,"14,200",14.200,BL,BL,BL
20/03/2017,17:56:04,BEELD,OS,A13R,"13,235",13.235,BL,BL,BL
20/03/2017,17:56:04,BEELD,OS,A13R,"13,700",13.700,BL,BL,BL
20/03/2017,17:56:47,BEELD,OS,A13R,"11,100",11.100,*70*,*70*,*70*
20/03/2017,17:56:47,BEELD,OS,A13R,"12,000",12.000,*50*,*50*,*50*
20/03/2017,17:56:47,BEELD,OS,A13R,"12,300",12.300,50,50,50
20/03/2017,17:58:00,BEELD,OS,A13R,"12,700",12.700,BL,BL,BL
20/03/2017,17:58:35,BEELD,OS,A13R,"12,300",12.300,BL,BL,BL
20/03/2017,17:59:31,BEELD,OS,A13R,"11,100",11.100,BL,BL,BL
20/03/2017,17:59:32,BEELD,OS,A13R,"12,000",12.000,BL,BL,BL
20/03/2017,19:16:23,BEELD,OS,A13R,"6,400",6.400,70,70,70
20/03/2017,19:16:23,BEELD,OS,A13R,"6,725",6.725,70,70,70
20/03/2017,19:16:24,BEELD,OS,A13R,"5,910",5.910,*70*,*70*,BL
20/03/2017,19:19:03,BEELD,OS,A13R,"6,400",6.400,90,90,90
20/03/2017,19:19:03,BEELD,OS,A13R,"6,725",6.725,*70*,*70*,*70*
20/03/2017,19:19:04,BEELD,OS,A13R,"5,910",5.910,BL,BL,BL
20/03/2017,19:20:45,BEELD,OS,A13R,"6,400",6.400,70,70,70
20/03/2017,19:20:45,BEELD,OS,A13R,"6,725",6.725,70,70,70
20/03/2017,19:20:46,BEELD,OS,A13R,"5,910",5.910,*70*,*70*,BL
20/03/2017,19:21:01,BEELD,OS,A13R,"6,400",6.400,70,70,70
20/03/2017,19:21:23,BEELD,OS,A13R,"6,400",6.400,70,70,70
20/03/2017,19:22:51,BEELD,OS,A13R,"6,400",6.400,70,70,70
20/03/2017,19:24:03,BEELD,OS,A13R,"5,481",5.481,*50*,*50*,*50*
20/03/2017,19:24:04,BEELD,OS,A13R,"5,910",5.910,50,50,BL
20/03/2017,19:24:49,BEELD,OS,A13R,"5,481",5.481,BL,BL,BL
20/03/2017,19:24:49,BEELD,OS,A13R,"5,910",5.910,*70*,*70*,BL
20/03/2017,19:25:31,BEELD,OS,A13R,"5,481",5.481,*50*,*50*,*50*
20/03/2017,19:25:31,BEELD,OS,A13R,"5,910",5.910,50,50,BL
20/03/2017,19:26:45,BEELD,OS,A13R,"6,400",6.400,70,70,70
20/03/2017,19:27:15,BEELD,OS,A13R,"6,400",6.400,70,70,70
20/03/2017,19:27:55,BEELD,OS,A13R,"6,400",6.400,50,50,50
20/03/2017,19:28:23,BEELD,OS,A13R,"5,481",5.481,50,50,50
20/03/2017,19:28:33,BEELD,OS,A13R,"6,400",6.400,70,70,70
20/03/2017,19:28:39,BEELD,OS,A13R,"5,910",5.910,70,70,BL
20/03/2017,19:28:56,BEELD,OS,A13R,"5,910",5.910,50,50,BL
20/03/2017,19:29:11,BEELD,OS,A13R,"6,725",6.725,BL,BL,BL
20/03/2017,19:30:03,BEELD,OS,A13R,"5,481",5.481,*50*,*50*,*50*
20/03/2017,19:30:14,BEELD,OS,A13R,"6,400",6.400,BL,BL,BL
20/03/2017,19:31:15,BEELD,OS,A13R,"6,400",6.400,70,70,70
20/03/2017,19:31:59,BEELD,OS,A13R,"5,481",5.481,50,50,50
20/03/2017,19:31:59,BEELD,OS,A13R,"5,910",5.910,70,70,BL
20/03/2017,19:32:03,BEELD,OS,A13R,"6,725",6.725,70,70,70
20/03/2017,19:32:21,BEELD,OS,A13R,"5,481",5.481,BL,BL,BL
20/03/2017,19:32:21,BEELD,OS,A13R,"5,910",5.910,*70*,*70*,BL
20/03/2017,19:32:25,BEELD,OS,A13R,"5,481",5.481,50,50,50
20/03/2017,19:32:27,BEELD,OS,A13R,"5,481",5.481,*50*,*50*,*50*
20/03/2017,19:32:27,BEELD,OS,A13R,"5,910",5.910,70,70,BL
20/03/2017,19:32:30,BEELD,OS,A13R,"5,910",5.910,50,50,BL
20/03/2017,19:32:59,BEELD,OS,A13R,"6,400",6.400,70,70,70
20/03/2017,19:33:23,BEELD,OS,A13R,"6,400",6.400,90,90,90
20/03/2017,19:33:23,BEELD,OS,A13R,"6,725",6.725,*70*,*70*,*70*
20/03/2017,19:33:45,BEELD,OS,A13R,"6,400",6.400,BL,BL,BL
20/03/2017,19:33:45,BEELD,OS,A13R,"6,725",6.725,BL,BL,BL
20/03/2017,19:33:47,BEELD,OS,A13R,"5,481",5.481,BL,BL,BL
20/03/2017,19:33:47,BEELD,OS,A13R,"5,910",5.910,BL,BL,BL
20/03/2017,19:33:57,BEELD,OS,A13R,"5,481",5.481,*70*,*70*,*70*
20/03/2017,19:33:57,BEELD,OS,A13R,"6,400",6.400,50,50,50
20/03/2017,19:33:59,BEELD,OS,A13R,"5,910",5.910,*50*,*50*,BL
20/03/2017,19:34:43,BEELD,OS,A13R,"6,725",6.725,70,70,70
20/03/2017,19:34:53,BEELD,OS,A13R,"5,481",5.481,BL,BL,BL
20/03/2017,19:34:53,BEELD,OS,A13R,"6,400",6.400,90,90,90
20/03/2017,19:34:53,BEELD,OS,A13R,"6,725",6.725,*70*,*70*,*70*
20/03/2017,19:34:54,BEELD,OS,A13R,"5,910",5.910,BL,BL,BL
20/03/2017,19:34:55,BEELD,OS,A13R,"5,481",5.481,*50*,*50*,*50*
20/03/2017,19:34:57,BEELD,OS,A13R,"5,910",5.910,50,50,BL
20/03/2017,19:35:39,BEELD,OS,A13R,"6,400",6.400,70,70,70
20/03/2017,19:35:39,BEELD,OS,A13R,"6,725",6.725,70,70,70
20/03/2017,19:36:03,BEELD,OS,A13R,"5,481",5.481,BL,BL,BL
20/03/2017,19:36:04,BEELD,OS,A13R,"5,910",5.910,*70*,*70*,BL
20/03/2017,19:37:37,BEELD,OS,A13R,"6,400",6.400,70,70,70
20/03/2017,19:38:14,BEELD,OS,A13R,"5,481",5.481,*70*,*70*,*70*
20/03/2017,19:38:15,BEELD,OS,A13R,"5,910",5.910,*50*,*50*,BL
20/03/2017,19:38:15,BEELD,OS,A13R,"6,400",6.400,50,50,50
20/03/2017,19:39:06,BEELD,OS,A13R,"6,400",6.400,*50*,*50*,*50*
20/03/2017,19:39:07,BEELD,OS,A13R,"5,481",5.481,BL,BL,BL
20/03/2017,19:39:07,BEELD,OS,A13R,"5,910",5.910,*70*,*70*,BL
20/03/2017,19:39:09,BEELD,OS,A13R,"6,400",6.400,70,70,70
20/03/2017,19:39:21,BEELD,OS,A13R,"5,481",5.481,*50*,*50*,*50*
20/03/2017,19:39:21,BEELD,OS,A13R,"5,910",5.910,50,50,BL
20/03/2017,19:40:25,BEELD,OS,A13R,"5,481",5.481,BL,BL,BL
20/03/2017,19:40:25,BEELD,OS,A13R,"5,910",5.910,*70*,*70*,BL
20/03/2017,19:42:11,BEELD,OS,A13R,"6,400",6.400,70,70,70
20/03/2017,19:42:51,BEELD,OS,A13R,"6,400",6.400,70,70,70
20/03/2017,19:43:53,BEELD,OS,A13R,"6,400",6.400,70,70,70
20/03/2017,19:46:39,BEELD,OS,A13R,"5,910",5.910,BL,BL,BL
20/03/2017,19:46:39,BEELD,OS,A13R,"6,400",6.400,90,90,90
20/03/2017,19:46:39,BEELD,OS,A13R,"6,725",6.725,*70*,*70*,*70*
20/03/2017,19:47:27,BEELD,OS,A13R,"6,400",6.400,BL,BL,BL
20/03/2017,19:47:27,BEELD,OS,A13R,"6,725",6.725,BL,BL,BL
20/03/2017,20:02:18,BEELD,OS,A13R,"6,400",6.400,90,90,90
20/03/2017,20:02:19,BEELD,OS,A13R,"6,725",6.725,*70*,*70*,*70*
20/03/2017,20:03:15,BEELD,OS,A13R,"6,400",6.400,BL,BL,BL
20/03/2017,20:03:15,BEELD,OS,A13R,"6,725",6.725,BL,BL,BL
,,,,,,,,,
,,,,,,,,,
,,,,,,,,,
,,,,,,,,,
,,,,,,,,,
,,,,,,,,,
,,,,,,,,,
,,,,,,,,,
,,,,,,,,,
,,,,,,,,,
,,,,,,,,,
,,,,,,,,,
,,,,,,,,,
,,,,,,,,,
,,,,,,,,,
,,,,,,,,,
,,,,,,,,,
,,,,,,,,,
,,,,,,,,,
,,,,,,,,,
,,,,,,,,,
,,,,,,,,,
,,,,,,,,,
,,,,,,,,,
,,,,,,,,,
,,,,,,,,,
,,,,,,,,,
,,,,,,,,,
,,,,,,,,,
,,,,,,,,,
,,,,,,,,,
,,,,,,,,,
,,,,,,,,,
,,,,,,,,,
,,,,,,,,,
,,,,,,,,,
,,,,,,,,,
,,,,,,,,,
,,,,,,,,,
,,,,,,,,,
,,,,,,,,,
,,,,,,,,,
,,,,,,,,,
,,,,,,,,,
,,,,,,,,,
,,,,,,,,,
,,,,,,,,,
,,,,,,,,,
,,,,,,,,,
,,,,,,,,,
,,,,,,,,,
,,,,,,,,,
,,,,,,,,,
,,,,,,,,,
,,,,,,,,,
,,,,,,,,,
,,,,,,,,,
,,,,,,,,,
,,,,,,,,,
,,,,,,,,,
,,,,,,,,,
,,,,,,,,,
,,,,,,,,,
,,,,,,,,,
,,,,,,,,,
,,,,,,,,,
,,,,,,,,,
,,,,,,,,,
,,,,,,,,,
,,,,,,,,,
,,,,,,,,,
,,,,,,,,,
,,,,,,,,,
,,,,,,,,,
,,,,,,,,,
,,,,,,,,,
,,,,,,,,,
,,,,,,,,,
,,,,,,,,,
,,,,,,,,,
,,,,,,,,,
,,,,,,,,,
,,,,,,,,,
,,,,,,,,,
,,,,,,,,,
,,,,,,,,,
,,,,,,,,,
,,,,,,,,,
,,,,,,,,,
,,,,,,,,,
,,,,,,,,,
,,,,,,,,,
,,,,,,,,,
,,,,,,,,,
,,,,,,,,,
,,,,,,,,,
,,,,,,,,,
,,,,,,,,,
,,,,,,,,,
,,,,,,,,,
,,,,,,,,,
,,,,,,,,,
,,,,,,,,,
,,,,,,,,,
,,,,,,,,,
,,,,,,,,,
,,,,,,,,,
,,,,,,,,,
,,,,,,,,,
,,,,,,,,,
,,,,,,,,,
,,,,,,,,,
,,,,,,,,,
,,,,,,,,,
,,,,,,,,,
,,,,,,,,,
,,,,,,,,,
,,,,,,,,,
,,,,,,,,,
,,,,,,,,,
,,,,,,,,,
,,,,,,,,,
,,,,,,,,,
,,,,,,,,,
,,,,,,,,,
,,,,,,,,,
,,,,,,,,,
,,,,,,,,,
,,,,,,,,,
,,,,,,,,,
,,,,,,,,,
,,,,,,,,,
,,,,,,,,,
,,,,,,,,,
,,,,,,,,,
,,,,,,,,,
,,,,,,,,,
,,,,,,,,,
,,,,,,,,,
,,,,,,,,,
,,,,,,,,,
,,,,,,,,,
,,,,,,,,,
,,,,,,,,,
,,,,,,,,,
,,,,,,,,,
,,,,,,,,,
,,,,,,,,,
,,,,,,,,,
,,,,,,,,,
,,,,,,,,,
,,,,,,,,,
,,,,,,,,,
,,,,,,,,,
,,,,,,,,,
,,,,,,,,,
,,,,,,,,,
,,,,,,,,,
,,,,,,,,,
,,,,,,,,,
,,,,,,,,,
,,,,,,,,,
,,,,,,,,,
,,,,,,,,,
,,,,,,,,,
,,,,,,,,,
,,,,,,,,,
,,,,,,,,,
,,,,,,,,,
,,,,,,,,,
,,,,,,,,,
,,,,,,,,,
,,,,,,,,,
,,,,,,,,,
